省份,流域,断面名称,渔场ID,养殖户ID
北京市,海河流域,鼓楼外大街,1,9
北京市,海河流域,广北滨河路(桥）,2,6
北京市,海河流域,沙窝,3,3
北京市,海河流域,新八里桥,4,1
北京市,海河流域,大红门闸上,5,8
北京市,海河流域,南大荒桥,6,6
北京市,海河流域,清河闸,7,7
北京市,海河流域,花园路,8,9
北京市,海河流域,白石桥,9,5
北京市,海河流域,沿河城,10,6
北京市,海河流域,大沙地,11,1
北京市,海河流域,码头,12,1
北京市,海河流域,怀柔水库,13,1
北京市,海河流域,东店,14,10
北京市,海河流域,古北口,15,5
北京市,海河流域,密云水库,16,8
北京市,海河流域,大关桥,17,1
北京市,海河流域,辛庄桥,18,7
北京市,海河流域,谷家营,19,9
北京市,海河流域,后城,20,10
天津市,海河流域,三岔口,21,6
天津市,海河流域,北洋桥,22,7
天津市,海河流域,井冈山桥,23,4
天津市,海河流域,大红桥,24,9
天津市,海河流域,曹庄子泵站,25,4
天津市,海河流域,生产圈闸,26,1
天津市,海河流域,土门楼,27,6
天津市,海河流域,尔王庄水库,28,8
天津市,海河流域,大套桥,29,6
天津市,海河流域,黄白桥,30,5
天津市,海河流域,塘汉公路桥,31,2
天津市,海河流域,海河大闸,32,1
天津市,海河流域,北排水河防潮闸,33,6
天津市,海河流域,翟庄子,34,6
天津市,海河流域,沧浪渠出境,35,1
天津市,海河流域,万家码头,36,10
天津市,海河流域,蓟运河防潮闸,37,2
天津市,海河流域,青静黄防潮闸,38,4
天津市,海河流域,马棚口防潮闸,39,4
天津市,海河流域,阎辛庄,40,1
天津市,海河流域,齐家务,41,2
天津市,海河流域,团瓢桥,42,10
天津市,海河流域,于桥水库库中心,43,4
天津市,海河流域,于桥水库出口,44,4
天津市,海河流域,黎河桥,45,9
天津市,海河流域,沙河桥,46,4
天津市,海河流域,果河桥,47,7
天津市,海河流域,淋河桥,48,8
天津市,海河流域,西屯桥,49,1
河北省,海河流域,岗南水库,50,6
河北省,海河流域,下槐镇,51,3
河北省,海河流域,地都,52,7
河北省,海河流域,平山桥,53,4
河北省,海河流域,兆通,54,4
河北省,海河流域,大石桥,55,2
河北省,海河流域,大黑汀水库,56,8
河北省,海河流域,涧河口,57,4
河北省,海河流域,丰北闸,58,7
河北省,海河流域,滦县大桥,59,5
河北省,海河流域,姜各庄,60,4
河北省,海河流域,戴河口,61,7
河北省,海河流域,田庄子,62,1
河北省,海河流域,石河口,63,5
河北省,海河流域,汤河口,64,7
河北省,海河流域,洋河口,65,3
河北省,海河流域,饮马河口,66,4
河北省,海河流域,新开河口,67,9
河北省,海河流域,龙王庙,68,1
河北省,海河流域,刘家庄,69,8
河北省,海河流域,岳城水库出口,70,7
河北省,海河流域,曲周,71,9
河北省,海河流域,沙阳,72,9
河北省,海河流域,艾辛庄,73,7
河北省,海河流域,后西吴桥,74,4
河北省,海河流域,码头(老),75,5
河北省,海河流域,安州,76,5
河北省,海河流域,焦庄,77,4
河北省,海河流域,北河店,78,2
河北省,海河流域,白合,79,6
河北省,海河流域,杜里村,80,6
河北省,海河流域,后城(老),81,6
河北省,海河流域,老鸦庄,82,6
河北省,海河流域,温泉屯,83,9
河北省,海河流域,八号桥,84,7
河北省,海河流域,左卫桥,85,9
河北省,海河流域,大杖子(老),86,5
河北省,海河流域,大桑园,87,6
河北省,海河流域,墙子路,88,5
河北省,海河流域,偏桥子大桥,89,6
河北省,海河流域,大杖子(二),90,3
河北省,海河流域,大杖子(一),91,5
河北省,海河流域,26#大桥,92,10
河北省,海河流域,郭家屯,93,9
河北省,海河流域,上板城大桥,94,9
河北省,海河流域,党坝,95,3
河北省,海河流域,上二道河子,96,6
河北省,海河流域,唐三营,97,10
河北省,海河流域,李台,98,9
河北省,辽河流域,甸子,99,9
河北省,海河流域,大口河口,100,9
河北省,海河流域,李家堡二,101,7
河北省,海河流域,王家摆(老),102,10
河北省,海河流域,三河东大桥(老),103,2
河北省,海河流域,大王务(老),104,8
河北省,海河流域,大套桥(老),105,9
河北省,海河流域,大王务,106,8
河北省,海河流域,王家摆,107,1
河北省,海河流域,吴村,108,9
河北省,海河流域,台头,109,7
河北省,海河流域,秦营扬水站,110,9
河北省,海河流域,三河东大桥,111,4
河北省,海河流域,老夏安公路,112,5
河北省,海河流域,三小营,113,4
河北省,海河流域,小范桥,114,7
河北省,海河流域,大湖心,115,2
河北省,海河流域,南张村,116,7
河北省,海河流域,南刘庄,117,1
河北省,海河流域,烧车淀,118,9
河北省,海河流域,圈头,119,3
河北省,海河流域,采蒲台,120,7
河北省,海河流域,光淀张庄,121,2
山西省,黄河流域,温南社,122,10
山西省,黄河流域,上兰,123,7
山西省,黄河流域,汾河水库出口,124,9
山西省,海河流域,堡子湾,125,3
山西省,海河流域,南水芦,126,2
山西省,海河流域,册田水库出口,127,5
山西省,海河流域,宣家塔,128,9
山西省,海河流域,固定桥,129,5
山西省,海河流域,利仁皂,130,2
山西省,海河流域,闫家庄大桥,131,8
山西省,海河流域,白羊墅,132,9
山西省,海河流域,王家庄,133,1
山西省,海河流域,司徒桥,134,8
山西省,海河流域,关河水库出口,135,8
山西省,海河流域,北寨,136,2
山西省,海河流域,后湾水库出口,137,8
山西省,黄河流域,龙头,138,9
山西省,黄河流域,拴驴泉,139,4
山西省,黄河流域,张峰水库出口,140,5
山西省,黄河流域,后寨,141,10
山西省,海河流域,东榆林水库出口,142,5
山西省,黄河流域,杀虎口,143,4
山西省,海河流域,王寨村,144,2
山西省,黄河流域,桑柳树,145,9
山西省,黄河流域,王庄桥南,146,7
山西省,黄河流域,郝村,147,2
山西省,黄河流域,河津大桥,148,3
山西省,黄河流域,龙门,149,2
山西省,黄河流域,张留庄,150,4
山西省,黄河流域,上亳城,151,4
山西省,黄河流域,西曲村,152,8
山西省,海河流域,梵王寺,153,1
山西省,黄河流域,万家寨水库,154,6
山西省,海河流域,代县桥,155,4
山西省,海河流域,定襄桥,156,1
山西省,海河流域,南庄,157,10
山西省,海河流域,坪上桥,158,8
山西省,黄河流域,河西村,159,3
山西省,黄河流域,上平望,160,8
山西省,黄河流域,黑城村,161,2
山西省,黄河流域,曲立,162,9
山西省,黄河流域,裴家川口,163,2
山西省,黄河流域,碛口,164,5
山西省,黄河流域,裴沟,165,9
山西省,黄河流域,两河口桥,166,7
山西省,黄河流域,碧村,167,10
山西省,黄河流域,北峪口,168,9
山西省,黄河流域,南姚,169,7
内蒙古自治区,黄河流域,头道拐,170,3
内蒙古自治区,黄河流域,喇嘛湾,171,6
内蒙古自治区,黄河流域,大入黄口,172,4
内蒙古自治区,黄河流域,画匠营子,173,2
内蒙古自治区,黄河流域,磴口,174,10
内蒙古自治区,黄河流域,海勃湾,175,7
内蒙古自治区,辽河流域,二道河子,176,6
内蒙古自治区,西北诸河,贝尔湖,177,5
内蒙古自治区,松花江流域,拴马桩(甘珠花),178,10
内蒙古自治区,松花江流域,根河口内(大铁桥),179,5
内蒙古自治区,松花江流域,李屯,180,10
内蒙古自治区,松花江流域,新发,181,1
内蒙古自治区,松花江流域,陶海,182,8
内蒙古自治区,松花江流域,嵯岗,183,1
内蒙古自治区,松花江流域,黑山头,184,4
内蒙古自治区,松花江流域,成吉思汗,185,8
内蒙古自治区,松花江流域,讷尔克气,186,3
内蒙古自治区,松花江流域,小河口,187,8
内蒙古自治区,黄河流域,黑柳子,188,3
内蒙古自治区,黄河流域,总排干入黄口,189,3
内蒙古自治区,黄河流域,三盛公,190,8
内蒙古自治区,黄河流域,湖心,191,6
内蒙古自治区,黄河流域,卧佛下,192,7
内蒙古自治区,松花江流域,绰尔河口,193,6
内蒙古自治区,松花江流域,大山矿,194,1
内蒙古自治区,松花江流域,斯力很,195,9
内蒙古自治区,松花江流域,出口(察尔森水库),196,10
内蒙古自治区,西北诸河,王家庄,197,4
辽宁省,辽河流域,卧龙湖,198,9
辽宁省,辽河流域,蒲河沿,199,10
辽宁省,辽河流域,于台,200,3
辽宁省,辽河流域,东陵大桥,201,9
辽宁省,辽河流域,砂山,202,9
辽宁省,辽河流域,于家房,203,8
辽宁省,辽河流域,马虎山,204,7
辽宁省,辽河流域,巨流河大桥,205,10
辽宁省,辽河流域,兴国桥,206,7
辽宁省,辽河流域,城子坦,207,7
辽宁省,辽河流域,麦家,208,2
辽宁省,辽河流域,复州湾大桥,209,10
辽宁省,辽河流域,三台子,210,7
辽宁省,辽河流域,万泰,211,2
辽宁省,辽河流域,英那河入海口,212,7
辽宁省,辽河流域,登化,213,7
辽宁省,辽河流域,小姐庙,214,3
辽宁省,辽河流域,口子街,215,2
辽宁省,辽河流域,牛庄,216,4
辽宁省,辽河流域,关门山大桥,217,2
辽宁省,辽河流域,刘家台,218,9
辽宁省,辽河流域,大伙房水库,219,6
辽宁省,辽河流域,阿及堡,220,7
辽宁省,辽河流域,戈布桥,221,9
辽宁省,辽河流域,北杂木,222,9
辽宁省,辽河流域,台沟,223,6
辽宁省,辽河流域,古楼,224,5
辽宁省,辽河流域,北太子河入观音阁水库口,225,10
辽宁省,辽河流域,老官砬子,226,6
辽宁省,辽河流域,兴安,227,2
辽宁省,辽河流域,凤鸣电站,228,2
辽宁省,辽河流域,南太子河入库口,229,8
辽宁省,辽河流域,江桥,230,8
辽宁省,辽河流域,爱河大桥,231,3
辽宁省,辽河流域,蒲石河大桥,232,4
辽宁省,辽河流域,王家沟,233,9
辽宁省,辽河流域,西八千,234,8
辽宁省,辽河流域,张家堡,235,2
辽宁省,辽河流域,女儿河入河口,236,4
辽宁省,辽河流域,柳家桥,237,6
辽宁省,辽河流域,何家信子,238,10
辽宁省,辽河流域,西树林,239,8
辽宁省,辽河流域,高台子,240,4
辽宁省,辽河流域,辽河公园,241,10
辽宁省,辽河流域,茧场,242,10
辽宁省,辽河流域,大清河口,243,9
辽宁省,辽河流域,闹德海水库,244,5
辽宁省,辽河流域,汤河水库,245,2
辽宁省,辽河流域,葠窝坝下,246,5
辽宁省,辽河流域,下口子,247,5
辽宁省,辽河流域,河洪桥,248,6
辽宁省,辽河流域,二道河水库口,249,1
辽宁省,辽河流域,下王家,250,9
辽宁省,辽河流域,汤河桥,251,4
辽宁省,辽河流域,下达河入汤河水库口,252,8
辽宁省,辽河流域,赵圈河,253,8
辽宁省,辽河流域,三岔河,254,9
辽宁省,辽河流域,盘锦兴安(兴安),255,1
辽宁省,辽河流域,曙光大桥,256,2
辽宁省,辽河流域,胜利塘,257,5
辽宁省,辽河流域,福德店,258,3
辽宁省,辽河流域,柴河水库,259,5
辽宁省,辽河流域,清辽,260,10
辽宁省,辽河流域,通江口,261,8
辽宁省,辽河流域,珠尔山,262,8
辽宁省,辽河流域,东大桥,263,8
辽宁省,辽河流域,柴河水库入库口,264,2
辽宁省,辽河流域,凡河一号桥,265,4
辽宁省,辽河流域,松树水文站,266,8
辽宁省,辽河流域,亮子河入河口,267,5
辽宁省,辽河流域,三合屯,268,10
辽宁省,辽河流域,清河水库入库口,269,1
辽宁省,辽河流域,南大桥,270,4
辽宁省,辽河流域,章吉营,271,1
辽宁省,辽河流域,大凌河西支入河口,272,1
辽宁省,辽河流域,李家湾大桥,273,1
辽宁省,辽河流域,牤牛河大桥,274,5
辽宁省,辽河流域,王家窝棚,275,1
辽宁省,辽河流域,孤家子,276,10
辽宁省,辽河流域,红石碑入海前,277,4
辽宁省,辽河流域,小渔场,278,4
吉林省,松花江流域,新立城大坝,279,2
吉林省,松花江流域,松花江村,280,9
吉林省,松花江流域,靠山南楼(南楼),281,10
吉林省,松花江流域,砖瓦窑桥,282,8
吉林省,松花江流域,镇江口,283,8
吉林省,松花江流域,靠山大桥,284,5
吉林省,松花江流域,饮马河大桥,285,2
吉林省,松花江流域,刘珍屯,286,5
吉林省,松花江流域,溪浪口,287,8
吉林省,松花江流域,白旗,288,9
吉林省,松花江流域,白山大桥,289,6
吉林省,松花江流域,墙缝,290,3
吉林省,松花江流域,福兴,291,8
吉林省,松花江流域,兰旗大桥,292,7
吉林省,松花江流域,大丰满,293,3
吉林省,松花江流域,沙石浒,294,2
吉林省,松花江流域,小荒地,295,1
吉林省,松花江流域,桦树林,296,8
吉林省,松花江流域,官厅桥,297,9
吉林省,松花江流域,蛟河口,298,10
吉林省,松花江流域,哨口,299,1
吉林省,松花江流域,肖家船口,300,9
吉林省,松花江流域,烟筒山,301,8
吉林省,辽河流域,金宝屯,302,8
吉林省,辽河流域,四双大桥,303,5
吉林省,辽河流域,城子上,304,9
吉林省,辽河流域,六家子,305,8
吉林省,辽河流域,林家,306,2
吉林省,辽河流域,河清,307,8
吉林省,辽河流域,上活龙,308,10
吉林省,辽河流域,民主,309,6
吉林省,松花江流域,兴隆,310,5
吉林省,辽河流域,云峰,311,2
吉林省,辽河流域,老虎哨,312,9
吉林省,辽河流域,绿江村,313,6
吉林省,辽河流域,苇沙河,314,3
吉林省,辽河流域,鸠谷,315,1
吉林省,辽河流域,葫芦套,316,4
吉林省,辽河流域,大阳岔,317,10
吉林省,松花江流域,查干湖,318,5
吉林省,松花江流域,松林,319,1
吉林省,松花江流域,宁江,320,3
吉林省,松花江流域,镇西大桥,321,10
吉林省,松花江流域,白沙滩,322,4
吉林省,松花江流域,月亮湖下,323,1
吉林省,松花江流域,南坪,324,8
吉林省,松花江流域,圈河,325,5
吉林省,松花江流域,大山(新甸),326,3
吉林省,松花江流域,崇善,327,9
吉林省,松花江流域,榆树川,328,9
吉林省,松花江流域,延吉下,329,7
吉林省,松花江流域,西崴子,330,5
吉林省,松花江流域,石井(小河龙),331,7
吉林省,松花江流域,三家子,332,6
吉林省,松花江流域,池北铁桥,333,6
黑龙江省,松花江流域,摆渡镇,334,4
黑龙江省,松花江流域,苗家,335,2
黑龙江省,松花江流域,水库出口,336,2
黑龙江省,松花江流域,朱顺屯,337,1
黑龙江省,松花江流域,阿什河口内,338,9
黑龙江省,松花江流域,呼兰河口内(铁路桥),339,6
黑龙江省,松花江流域,大顶子山,340,4
黑龙江省,松花江流域,牡丹江口内,341,7
黑龙江省,松花江流域,拉哈,342,5
黑龙江省,松花江流域,查哈阳乡,343,9
黑龙江省,松花江流域,音河水库,344,10
黑龙江省,松花江流域,浏园,345,4
黑龙江省,松花江流域,江桥,346,5
黑龙江省,松花江流域,富源村,347,1
黑龙江省,松花江流域,泄洪1闸(小兴凯湖一闸),348,9
黑龙江省,松花江流域,知一桥,349,4
黑龙江省,松花江流域,档壁镇,350,10
黑龙江省,松花江流域,龙王庙,351,8
黑龙江省,松花江流域,858九队,352,9
黑龙江省,松花江流域,穆棱河口内,353,7
黑龙江省,松花江流域,虎头上,354,9
黑龙江省,松花江流域,名山,355,6
黑龙江省,松花江流域,饶河上,356,8
黑龙江省,松花江流域,挠力河口内,357,1
黑龙江省,松花江流域,肇源,358,5
黑龙江省,松花江流域,嫩江口内,359,5
黑龙江省,松花江流域,嘉荫(老),360,8
黑龙江省,松花江流域,布列亚河口下,361,9
黑龙江省,松花江流域,友好,362,2
黑龙江省,松花江流域,嘉荫,363,10
黑龙江省,松花江流域,双河渠首,364,8
黑龙江省,松花江流域,江心岛,365,3
黑龙江省,松花江流域,佳木斯下,366,3
黑龙江省,松花江流域,汤旺河口内,367,2
黑龙江省,松花江流域,佳木斯上,368,9
黑龙江省,松花江流域,抚远,369,3
黑龙江省,松花江流域,乌苏镇,370,7
黑龙江省,松花江流域,同江,371,9
黑龙江省,松花江流域,三岔口,372,9
黑龙江省,松花江流域,海浪,373,1
黑龙江省,松花江流域,三道,374,9
黑龙江省,松花江流域,柴河铁路桥,375,7
黑龙江省,松花江流域,电视塔,376,10
黑龙江省,松花江流域,海浪河口内,377,1
黑龙江省,松花江流域,山口水库,378,4
黑龙江省,松花江流域,黑河上,379,10
黑龙江省,松花江流域,黑河下(黑河),380,7
黑龙江省,松花江流域,北极村,381,10
黑龙江省,松花江流域,呼玛上,382,1
黑龙江省,松花江流域,呼玛河口内,383,5
黑龙江省,松花江流域,加格达奇上,384,7
上海市,长江流域,青草沙进水口,385,7
上海市,长江流域,临江,386,5
上海市,长江流域,浙江路桥,387,3
上海市,长江流域,闵行西界(松浦大桥),388,7
上海市,长江流域,吴淞口,389,10
上海市,长江流域,蕴川路桥,390,5
上海市,长江流域,黄渡,391,9
上海市,长江流域,三甲港,392,1
上海市,长江流域,二团,393,7
上海市,长江流域,横潦泾,394,2
上海市,长江流域,斜塘口,395,2
上海市,长江流域,急水港桥,396,7
上海市,长江流域,淀峰,397,5
上海市,长江流域,汾湖大桥(界标),398,9
上海市,长江流域,太浦河桥,399,8
上海市,长江流域,钱桥,400,6
上海市,长江流域,七效港西桥,401,9
上海市,长江流域,前卫村桥,402,7
上海市,长江流域,五效,403,3
上海市,长江流域,三沙洪交汇口,404,8
江苏省,长江流域,林山,405,3
江苏省,长江流域,陈浅,406,2
江苏省,长江流域,七桥瓮,407,3
江苏省,长江流域,节制闸,408,3
江苏省,太湖流域,沙渚,409,6
江苏省,太湖流域,陈东港,410,5
江苏省,太湖流域,洪巷桥,411,8
江苏省,太湖流域,锡东水厂,412,3
江苏省,太湖流域,兰山嘴,413,10
江苏省,太湖流域,蠡桥,414,5
江苏省,太湖流域,百渎港桥,415,3
江苏省,太湖流域,殷村港桥,416,7
江苏省,太湖流域,大浦港桥,417,4
江苏省,太湖流域,五牧,418,10
江苏省,太湖流域,拖山,419,3
江苏省,太湖流域,五里湖心,420,8
江苏省,太湖流域,金潼桥,421,6
江苏省,太湖流域,大港桥,422,5
江苏省,太湖流域,潘家坝,423,1
江苏省,太湖流域,长济桥,424,9
江苏省,太湖流域,钓邾大桥,425,8
江苏省,长江流域,小湾,426,4
江苏省,淮河流域,小红圈,427,9
江苏省,淮河流域,港上桥,428,10
江苏省,淮河流域,李庄,429,2
江苏省,淮河流域,蔺家坝,430,4
江苏省,淮河流域,黄桥,431,5
江苏省,淮河流域,李集桥,432,9
江苏省,淮河流域,华山闸,433,7
江苏省,淮河流域,沙庄桥,434,3
江苏省,淮河流域,张楼,435,3
江苏省,淮河流域,沙集西闸,436,6
江苏省,淮河流域,艾山西大桥,437,5
江苏省,淮河流域,东偏泓,438,6
江苏省,长江流域,魏村,439,2
江苏省,太湖流域,姚巷桥,440,4
江苏省,太湖流域,黄埝桥,441,7
江苏省,太湖流域,东潘桥,442,10
江苏省,太湖流域,落蓬湾,443,1
江苏省,太湖流域,兰山嘴(老),444,7
江苏省,太湖流域,西山,445,2
江苏省,太湖流域,胥湖心,446,8
江苏省,太湖流域,平台山,447,7
江苏省,太湖流域,望亭上游,448,3
江苏省,太湖流域,千灯浦口,449,8
江苏省,太湖流域,朱厍港口,450,4
江苏省,太湖流域,浏河闸,451,10
江苏省,太湖流域,善人桥,452,5
江苏省,太湖流域,江边闸,453,9
江苏省,太湖流域,航管站,454,5
江苏省,太湖流域,越溪桥,455,3
江苏省,太湖流域,312国道桥,456,8
江苏省,长江流域,阳澄湖心,457,2
江苏省,太湖流域,赵屯(石浦大桥),458,2
江苏省,淮河流域,东安闸桥西,459,10
江苏省,长江流域,九圩港桥,460,2
江苏省,长江流域,碾砣港闸,461,2
江苏省,长江流域,聚南大桥,462,7
江苏省,长江流域,大洋港桥,463,3
江苏省,长江流域,塘芦港闸,464,8
江苏省,淮河流域,小洋口,465,7
江苏省,淮河流域,环东闸口,466,9
江苏省,淮河流域,北凌新闸,467,4
江苏省,淮河流域,黑林桥,468,3
江苏省,淮河流域,大兴桥,469,1
江苏省,淮河流域,临洪闸,470,4
江苏省,淮河流域,柴米河桥,471,6
江苏省,淮河流域,善后河闸,472,10
江苏省,淮河流域,灌河大桥,473,1
江苏省,淮河流域,新村桥,474,10
江苏省,淮河流域,沭南闸,475,5
江苏省,淮河流域,盐河桥,476,2
江苏省,淮河流域,袁闸,477,4
江苏省,淮河流域,墩尚水漫桥,478,7
江苏省,淮河流域,烧香北闸,479,3
江苏省,淮河流域,大浦闸,480,8
江苏省,淮河流域,大板跳闸,481,3
江苏省,淮河流域,海头大桥,482,5
江苏省,淮河流域,204公路桥,483,6
江苏省,淮河流域,坝头桥,484,10
江苏省,淮河流域,兴庄桥,485,4
江苏省,淮河流域,郑园桥,486,10
江苏省,淮河流域,范河桥,487,4
江苏省,淮河流域,四队桥,488,4
江苏省,淮河流域,燕尾闸,489,7
江苏省,淮河流域,老山乡,490,2
江苏省,淮河流域,淮河大桥,491,8
江苏省,淮河流域,蒋坝镇,492,9
江苏省,淮河流域,高良涧镇,493,1
江苏省,淮河流域,洪金,494,8
江苏省,淮河流域,五叉河口,495,2
江苏省,淮河流域,戴楼衡阳(塔集),496,3
江苏省,淮河流域,总渠苏嘴,497,7
江苏省,淮河流域,唐曹,498,3
江苏省,淮河流域,新洋港闸,499,7
江苏省,淮河流域,富民桥,500,6
江苏省,淮河流域,大团桥,501,4
江苏省,淮河流域,龙冈凤凰桥,502,3
江苏省,淮河流域,六垛闸,503,1
江苏省,淮河流域,泰东大桥,504,10
江苏省,淮河流域,城北大桥,505,10
江苏省,淮河流域,草堰大桥,506,2
江苏省,淮河流域,射阳河闸,507,8
江苏省,淮河流域,黄沙港闸,508,5
江苏省,淮河流域,斗龙港闸,509,4
江苏省,淮河流域,川东闸,510,10
江苏省,淮河流域,头罾闸,511,9
江苏省,淮河流域,王港闸,512,6
江苏省,淮河流域,川水港闸,513,1
江苏省,长江流域,三江营,514,7
江苏省,淮河流域,湖心区,515,8
江苏省,淮河流域,槐泗河口,516,6
江苏省,淮河流域,大运河船闸(宝应船闸),517,1
江苏省,淮河流域,三垛西大桥,518,6
江苏省,淮河流域,江都西闸,519,8
江苏省,长江流域,大寨桥,520,3
江苏省,长江流域,冻青桥,521,2
江苏省,长江流域,小河口上游,522,5
江苏省,太湖流域,辛丰镇,523,9
江苏省,太湖流域,林家闸,524,7
江苏省,长江流域,兆文山,525,8
江苏省,长江流域,葛村桥,526,1
江苏省,长江流域,新河桥,527,5
江苏省,太湖流域,吕城,528,4
江苏省,淮河流域,泰西,529,5
江苏省,淮河流域,海陵大桥,530,9
江苏省,长江流域,马甸闸西,531,5
江苏省,长江流域,祥和大桥,532,9
江苏省,长江流域,新十圩港大桥,533,1
江苏省,淮河流域,骆马湖,534,3
江苏省,淮河流域,张嘴渡口,535,3
江苏省,淮河流域,洪泽湖高房咀,536,7
江苏省,淮河流域,临淮乡,537,2
江苏省,淮河流域,成河乡中,538,6
江苏省,淮河流域,龙集镇北,539,1
江苏省,淮河流域,骆马湖乡,540,4
江苏省,淮河流域,三场,541,5
江苏省,淮河流域,马陵翻水站,542,4
江苏省,淮河流域,砖瓦厂,543,4
江苏省,淮河流域,顾勒大桥,544,2
江苏省,淮河流域,团结闸,545,5
江苏省,淮河流域,大屈,546,6
浙江省,浙闽片河流,小金山,547,3
浙江省,浙闽片河流,闸口,548,2
浙江省,浙闽片河流,三潭岛,549,9
浙江省,浙闽片河流,大坝前,550,10
浙江省,太湖流域,汪家埠,551,6
浙江省,太湖流域,奉口,552,4
浙江省,太湖流域,顾家桥,553,9
浙江省,浙闽片河流,桐君山,554,2
浙江省,浙闽片河流,洋溪渡,555,10
浙江省,浙闽片河流,浦阳江出口,556,6
浙江省,太湖流域,五杭运河大桥,557,4
浙江省,浙闽片河流,桐庐,558,5
浙江省,浙闽片河流,街口(鸠坑口),559,3
浙江省,浙闽片河流,溪口,560,1
浙江省,浙闽片河流,清林渡,561,4
浙江省,浙闽片河流,水车,562,6
浙江省,浙闽片河流,大嵩,563,10
浙江省,浙闽片河流,浮礁渡,564,7
浙江省,浙闽片河流,北湖中心,565,4
浙江省,浙闽片河流,长汀,566,5
浙江省,浙闽片河流,浦口闸,567,9
浙江省,浙闽片河流,梁桥,568,2
浙江省,浙闽片河流,四灶浦闸,569,7
浙江省,浙闽片河流,赵山渡,570,10
浙江省,浙闽片河流,小旦,571,1
浙江省,浙闽片河流,龙湾,572,1
浙江省,浙闽片河流,大荆,573,10
浙江省,浙闽片河流,蒲岐,574,9
浙江省,浙闽片河流,沙头,575,1
浙江省,浙闽片河流,清水埠,576,2
浙江省,浙闽片河流,江口渡,577,9
浙江省,浙闽片河流,第三农业站,578,7
浙江省,太湖流域,斜路港,579,1
浙江省,太湖流域,王江泾,580,8
浙江省,太湖流域,湘家荡,581,9
浙江省,太湖流域,池家浜水文站,582,2
浙江省,太湖流域,尤甪村,583,6
浙江省,太湖流域,长山闸一号桥,584,4
浙江省,太湖流域,南台头闸一号桥,585,2
浙江省,太湖流域,上塘河排涝闸,586,3
浙江省,太湖流域,盐官排涝枢纽,587,5
浙江省,太湖流域,红旗塘大坝,588,7
浙江省,太湖流域,枫南大桥,589,6
浙江省,太湖流域,青阳汇,590,4
浙江省,太湖流域,小新村,591,1
浙江省,太湖流域,乌镇北,592,6
浙江省,太湖流域,新港口(新塘港),593,1
浙江省,太湖流域,大钱,594,6
浙江省,太湖流域,南浔,595,7
浙江省,太湖流域,城南翻水站,596,10
浙江省,太湖流域,城西大桥,597,8
浙江省,太湖流域,汤溇,598,4
浙江省,太湖流域,塘浦,599,8
浙江省,太湖流域,荆湾,600,5
浙江省,太湖流域,铁路桥,601,8
浙江省,太湖流域,小梅口,602,5
浙江省,太湖流域,杨家浦,603,9
浙江省,太湖流域,新塘,604,9
浙江省,太湖流域,合溪,605,8
浙江省,浙闽片河流,曹娥江大闸闸前,606,9
浙江省,浙闽片河流,屠家埠,607,1
浙江省,浙闽片河流,葛山头,608,1
浙江省,浙闽片河流,湄池,609,10
浙江省,浙闽片河流,王家泾,610,6
浙江省,浙闽片河流,长诏水库出口,611,2
浙江省,浙闽片河流,汤曹汇合口,612,10
浙江省,浙闽片河流,义东桥,613,4
浙江省,浙闽片河流,塔下洲,614,6
浙江省,浙闽片河流,东关桥,615,5
浙江省,浙闽片河流,费垅,616,7
浙江省,浙闽片河流,台口,617,2
浙江省,浙闽片河流,南江桥,618,2
浙江省,浙闽片河流,上仙屋,619,4
浙江省,浙闽片河流,横山,620,4
浙江省,浙闽片河流,洪坞桥,621,10
浙江省,浙闽片河流,章店,622,2
浙江省,浙闽片河流,将军岩,623,5
浙江省,浙闽片河流,浮石渡,624,6
浙江省,浙闽片河流,富足山,625,8
浙江省,浙闽片河流,双塔底,626,4
浙江省,浙闽片河流,双港口,627,5
浙江省,浙闽片河流,郑家,628,5
浙江省,浙闽片河流,下界首,629,9
浙江省,浙闽片河流,下童,630,1
浙江省,浙闽片河流,铜山源水库,631,9
浙江省,浙闽片河流,东迹渡,632,3
浙江省,浙闽片河流,临城,633,1
浙江省,浙闽片河流,坝口,634,1
浙江省,浙闽片河流,老鼠屿,635,3
浙江省,浙闽片河流,金清新闸,636,4
浙江省,浙闽片河流,里石门水库,637,7
浙江省,浙闽片河流,温峤,638,8
浙江省,浙闽片河流,江口,639,2
浙江省,浙闽片河流,沙段,640,1
浙江省,浙闽片河流,柏枝岙,641,8
浙江省,浙闽片河流,均溪,642,9
浙江省,浙闽片河流,风化,643,2
浙江省,浙闽片河流,水东桥下,644,9
浙江省,浙闽片河流,临江,645,9
浙江省,浙闽片河流,松阳二中,646,9
浙江省,浙闽片河流,堰后,647,1
浙江省,浙闽片河流,沙湾上,648,4
浙江省,浙闽片河流,外舍,649,7
浙江省,浙闽片河流,石门洞,650,5
安徽省,巢湖流域,湖滨(老),651,6
安徽省,巢湖流域,同大排灌站,652,4
安徽省,巢湖流域,通讯塔,653,4
安徽省,巢湖流域,青台山大桥,654,10
安徽省,巢湖流域,三胜大队渡口,655,10
安徽省,巢湖流域,入湖口渡口,656,7
安徽省,巢湖流域,肥西化肥厂下,657,3
安徽省,巢湖流域,北闸渡口(杭埠河),658,6
安徽省,巢湖流域,希望桥,659,1
安徽省,巢湖流域,石堆渡口,660,2
安徽省,巢湖流域,柘皋大桥,661,9
安徽省,巢湖流域,湖滨,662,1
安徽省,巢湖流域,黄麓,663,6
安徽省,巢湖流域,三河镇大桥,664,2
安徽省,巢湖流域,三河镇新大桥,665,9
安徽省,巢湖流域,施口,666,3
安徽省,长江流域,靠近大坝,667,4
安徽省,巢湖流域,新河入湖区,668,5
安徽省,巢湖流域,西半湖湖心,669,3
安徽省,巢湖流域,巢湖船厂,670,4
安徽省,巢湖流域,东半湖湖心,671,8
安徽省,巢湖流域,忠庙,672,7
安徽省,巢湖流域,兆河入湖区,673,8
安徽省,巢湖流域,双桥河入湖口,674,9
安徽省,巢湖流域,庐江缺口,675,8
安徽省,巢湖流域,裕溪口(老),676,7
安徽省,长江流域,东西梁山,677,3
安徽省,长江流域,宝塔根,678,6
安徽省,巢湖流域,裕溪口,679,1
安徽省,长江流域,荻港,680,4
安徽省,长江流域,鲁港桥,681,5
安徽省,淮河流域,沫河口,682,5
安徽省,淮河流域,龙亢,683,4
安徽省,淮河流域,关咀,684,3
安徽省,淮河流域,五河,685,9
安徽省,淮河流域,蚌埠固镇,686,6
安徽省,淮河流域,蚌埠闸上(蚌埠闸),687,6
安徽省,淮河流域,湖沟,688,10
安徽省,淮河流域,石头埠(老),689,9
安徽省,淮河流域,石头埠,690,8
安徽省,淮河流域,鲁台孜,691,4
安徽省,淮河流域,西淝河闸下,692,5
安徽省,淮河流域,瓦埠湖,693,4
安徽省,淮河流域,新城口,694,9
安徽省,淮河流域,焦岗湖,695,2
安徽省,淮河流域,大店岗,696,2
安徽省,淮河流域,五里闸,697,7
安徽省,淮河流域,白洋淀渡口,698,7
安徽省,长江流域,三兴村,699,8
安徽省,长江流域,采石河下游,700,1
安徽省,长江流域,得胜河入江口,701,1
安徽省,长江流域,姑溪河大桥,702,2
安徽省,长江流域,当涂查湾,703,10
安徽省,淮河流域,小王桥,704,8
安徽省,淮河流域,后常桥,705,3
安徽省,淮河流域,李大桥闸,706,6
安徽省,长江流域,顺安河入江口,707,3
安徽省,长江流域,陈家墩,708,7
安徽省,长江流域,菜子湖,709,9
安徽省,长江流域,枞阳大闸,710,6
安徽省,长江流域,龙感湖,711,3
安徽省,长江流域,武昌湖,712,2
安徽省,长江流域,皖河口,713,2
安徽省,长江流域,前江口,714,3
安徽省,长江流域,花亭湖坝前,715,4
安徽省,长江流域,华阳河入江口,716,10
安徽省,长江流域,大官湖,717,3
安徽省,长江流域,黄湖,718,8
安徽省,长江流域,水厂取水口,719,3
安徽省,长江流域,皖河大桥,720,10
安徽省,长江流域,车轴寺大桥,721,4
安徽省,浙闽片河流,篁墩,722,6
安徽省,浙闽片河流,率水大桥,723,3
安徽省,浙闽片河流,横江大桥,724,4
安徽省,浙闽片河流,浦口,725,4
安徽省,长江流域,湖心,726,5
安徽省,浙闽片河流,新管,727,4
安徽省,淮河流域,高邮湖,728,9
安徽省,淮河流域,天长化工厂,729,4
安徽省,淮河流域,公路桥,730,7
安徽省,淮河流域,小柳巷,731,9
安徽省,长江流域,水口,732,2
安徽省,长江流域,乌衣下,733,7
安徽省,长江流域,化肥厂下,734,7
安徽省,淮河流域,阜阳段下,735,5
安徽省,淮河流域,杨湖,736,7
安徽省,淮河流域,张大桥,737,6
安徽省,淮河流域,王家坝,738,8
安徽省,淮河流域,界首七渡口(七渡口),739,3
安徽省,淮河流域,许庄(徐庄),740,8
安徽省,淮河流域,阜南,741,10
安徽省,淮河流域,阜阳段上游,742,6
安徽省,淮河流域,杨庄,743,8
安徽省,淮河流域,泗县公路桥,744,7
安徽省,淮河流域,东坪集,745,4
安徽省,淮河流域,符离闸,746,5
安徽省,淮河流域,芦岭桥,747,7
安徽省,淮河流域,下楼公路桥,748,1
安徽省,淮河流域,工农兵大桥,749,7
安徽省,巢湖流域,河口大桥,750,8
安徽省,淮河流域,陶洪集,751,4
安徽省,淮河流域,东湖闸,752,7
安徽省,淮河流域,新安渡口,753,10
安徽省,淮河流域,响洪甸水库出水口,754,5
安徽省,淮河流域,丁埠大桥,755,5
安徽省,淮河流域,固始李畈,756,1
安徽省,淮河流域,岳坊大桥,757,10
安徽省,淮河流域,颜集,758,4
安徽省,淮河流域,刘寨村后,759,6
安徽省,淮河流域,涡阳义门大桥,760,7
安徽省,淮河流域,利辛段,761,5
安徽省,长江流域,香口(东至龙江水厂),762,6
安徽省,长江流域,五步沟,763,2
安徽省,长江流域,张溪,764,6
安徽省,长江流域,河口,765,2
安徽省,长江流域,中心点,766,9
安徽省,长江流域,入江口,767,2
安徽省,长江流域,双丰,768,7
安徽省,长江流域,东流,769,5
安徽省,长江流域,雁翅,770,10
安徽省,长江流域,西湖湖心,771,2
安徽省,长江流域,管家渡,772,7
安徽省,太湖流域,殷桥,773,10
安徽省,长江流域,泾南交界,774,8
安徽省,长江流域,汪溪,775,2
安徽省,长江流域,狮子口,776,2
福建省,浙闽片河流,白岩潭,777,8
福建省,浙闽片河流,闽侯竹岐,778,10
福建省,浙闽片河流,闽安,779,1
福建省,浙闽片河流,连江琯头,780,7
福建省,浙闽片河流,闽侯大樟溪口,781,5
福建省,浙闽片河流,连江荷山渡口,782,1
福建省,浙闽片河流,永泰横龙,783,6
福建省,浙闽片河流,闽清雄江,784,5
福建省,浙闽片河流,隘头潭,785,5
福建省,浙闽片河流,园头桥,786,9
福建省,浙闽片河流,江口桥,787,2
福建省,浙闽片河流,将乐万全,788,1
福建省,浙闽片河流,宁化肖家,789,6
福建省,浙闽片河流,永安安砂水库下游,790,1
福建省,浙闽片河流,永安贡川桥,791,2
福建省,浙闽片河流,斑竹溪渡口,792,5
福建省,浙闽片河流,建宁袁庄,793,6
福建省,浙闽片河流,大田高才,794,9
福建省,浙闽片河流,尤溪拥口大桥,795,9
福建省,浙闽片河流,南安康美桥,796,6
福建省,浙闽片河流,库心,797,4
福建省,浙闽片河流,永春东关桥,798,8
福建省,浙闽片河流,安溪罗内桥,799,1
福建省,浙闽片河流,南安霞东桥,800,8
福建省,浙闽片河流,华安西陂,801,6
福建省,浙闽片河流,南靖靖城桥,802,2
福建省,浙闽片河流,诏安澳子头,803,9
福建省,浙闽片河流,南靖洪濑汤坑桥,804,8
福建省,浙闽片河流,浦南水文站,805,4
福建省,浙闽片河流,长泰洛宾,806,1
福建省,浙闽片河流,南溪浮宫桥,807,9
福建省,浙闽片河流,上坂,808,2
福建省,浙闽片河流,云霄高塘渡口,809,4
福建省,浙闽片河流,水汾桥,810,3
福建省,浙闽片河流,十里庵,811,8
福建省,浙闽片河流,邵武晒口桥,812,5
福建省,浙闽片河流,武夷山兴田,813,2
福建省,浙闽片河流,建瓯蓬墩,814,5
福建省,浙闽片河流,浪石,815,3
福建省,浙闽片河流,将乐樟应,816,6
福建省,浙闽片河流,建阳坪州大桥,817,4
福建省,浙闽片河流,政和西津,818,5
福建省,浙闽片河流,松溪岩下,819,5
福建省,浙闽片河流,雁石桥,820,7
福建省,珠江流域,长汀美溪桥,821,1
福建省,珠江流域,上杭李家坪,822,5
福建省,浙闽片河流,福鼎会甲溪,823,10
福建省,浙闽片河流,福安赛岐,824,10
福建省,浙闽片河流,八都,825,5
福建省,浙闽片河流,福安白塔,826,10
福建省,浙闽片河流,古田黄田,827,2
福建省,浙闽片河流,福安洪口,828,4
江西省,长江流域,周坊,829,10
江西省,长江流域,大港,830,6
江西省,长江流域,新联,831,7
江西省,长江流域,南矶山,832,8
江西省,长江流域,生米,833,10
江西省,长江流域,滁槎,834,3
江西省,长江流域,塔城,835,2
江西省,长江流域,昌邑,836,7
江西省,长江流域,鲇鱼山,837,5
江西省,长江流域,戴村,838,6
江西省,长江流域,野鸡山村,839,10
江西省,长江流域,南河河口,840,4
江西省,长江流域,镇埠,841,7
江西省,长江流域,龙山口,842,6
江西省,长江流域,桐车湾,843,7
江西省,长江流域,金鱼石,844,4
江西省,长江流域,棚下(杨村),845,4
江西省,长江流域,吴城赣江,846,2
江西省,长江流域,吴城修河,847,10
江西省,长江流域,姚港(河西水厂),848,2
江西省,长江流域,湖口,849,5
江西省,长江流域,鄱阳湖出口,850,5
江西省,长江流域,蛤蟆石,851,1
江西省,长江流域,都昌,852,2
江西省,长江流域,潦河河口,853,3
江西省,长江流域,三都,854,5
江西省,长江流域,坝上,855,3
江西省,长江流域,罗坊,856,10
江西省,长江流域,孔目江江口,857,5
江西省,长江流域,湖心岛,858,6
江西省,长江流域,浮桥,859,1
江西省,长江流域,洋江,860,7
江西省,长江流域,白塔河河口,861,3
江西省,长江流域,土桥,862,3
江西省,长江流域,市自来水厂,863,1
江西省,长江流域,新庙前,864,10
江西省,长江流域,赣县梅林,865,6
江西省,长江流域,梓坑,866,1
江西省,长江流域,峡山,867,10
江西省,长江流域,梅江江口,868,8
江西省,长江流域,平江江口,869,7
江西省,长江流域,上犹江江口,870,4
江西省,长江流域,龙南自来水厂,871,10
江西省,长江流域,桃江江口,872,4
江西省,长江流域,大余城郊,873,6
江西省,珠江流域,兴宁电站,874,1
江西省,长江流域,通津,875,6
江西省,长江流域,金滩,876,7
江西省,长江流域,孤江江口,877,9
江西省,长江流域,禾水河口,878,6
江西省,长江流域,蜀水河口,879,7
江西省,长江流域,遂川江江口,880,3
江西省,长江流域,乌江江口,881,1
江西省,长江流域,大洋洲,882,1
江西省,长江流域,丰城小港口,883,9
江西省,长江流域,高安市青州村,884,2
江西省,长江流域,良田村,885,3
江西省,长江流域,三洪村,886,9
江西省,长江流域,肖江江口,887,8
江西省,长江流域,港口,888,1
江西省,长江流域,超坊,889,5
江西省,长江流域,钟岭水厂,890,8
江西省,长江流域,焦石坝,891,2
江西省,长江流域,临水河口,892,9
江西省,长江流域,赵家湾,893,9
江西省,长江流域,康山,894,9
江西省,长江流域,梅港,895,5
江西省,长江流域,瑞洪大桥,896,3
江西省,长江流域,弋阳,897,10
江西省,长江流域,鄱阳花园,898,2
江西省,长江流域,洎水河河口,899,3
江西省,长江流域,流口村,900,1
江西省,长江流域,铅山,901,5
江西省,长江流域,旗山,902,4
江西省,长江流域,应家坊,903,5
山东省,淮河流域,辛丰庄,904,9
山东省,海河流域,夏口,905,2
山东省,黄河流域,泺口,906,8
山东省,淮河流域,睦里庄,907,3
山东省,黄河流域,卧虎山水库,908,6
山东省,淮河流域,斜拉桥,909,7
山东省,淮河流域,中心,910,5
山东省,淮河流域,马连庄,911,7
山东省,淮河流域,吉利河水库出口,912,6
山东省,淮河流域,墨水河入海口,913,2
山东省,淮河流域,韩旺大桥,914,1
山东省,淮河流域,台儿庄大桥,915,6
山东省,淮河流域,群乐桥,916,1
山东省,淮河流域,王晁桥,917,10
山东省,淮河流域,十字河大桥,918,4
山东省,淮河流域,贾庄闸,919,1
山东省,淮河流域,支脉河陈桥,920,6
山东省,淮河流域,东八路桥,921,5
山东省,海河流域,滨孤路桥,922,4
山东省,海河流域,五号桩,923,8
山东省,淮河流域,新夹河大桥,924,1
山东省,淮河流域,桥头,925,1
山东省,淮河流域,东村河入海口,926,8
山东省,淮河流域,羊口,927,2
山东省,淮河流域,峡山水库库中,928,6
山东省,淮河流域,柳疃桥,929,5
山东省,淮河流域,张建桥,930,5
山东省,淮河流域,兖州南大桥,931,3
山东省,淮河流域,105公路桥,932,8
山东省,淮河流域,高河桥(老万福河口),933,7
山东省,淮河流域,西石佛,934,2
山东省,淮河流域,老运河微山段,935,5
山东省,淮河流域,李集,936,6
山东省,淮河流域,尹沟(入湖口),937,1
山东省,淮河流域,入湖口,938,8
山东省,淮河流域,东石佛,939,3
山东省,淮河流域,西姚,940,4
山东省,淮河流域,马楼,941,8
山东省,淮河流域,前白口,942,5
山东省,淮河流域,二级坝,943,5
山东省,淮河流域,南阳,944,5
山东省,淮河流域,岛东,945,7
山东省,淮河流域,大捐,946,7
山东省,淮河流域,牛庄闸,947,9
山东省,淮河流域,湘子庙,948,1
山东省,淮河流域,新薛河入湖口,949,1
山东省,淮河流域,喻屯,950,6
山东省,黄河流域,王台大桥(流泽桥),951,6
山东省,淮河流域,东平湖湖南,952,1
山东省,淮河流域,东平湖湖北,953,9
山东省,黄河流域,徐家汶,954,4
山东省,淮河流域,南桥,955,7
山东省,淮河流域,大古镇,956,9
山东省,黄河流域,贺小庄,957,1
山东省,淮河流域,清泉寺,958,5
山东省,淮河流域,重坊桥,959,7
山东省,淮河流域,临沂北大桥,960,8
山东省,淮河流域,道口,961,2
山东省,淮河流域,捷庄(涝沟桥),962,10
山东省,淮河流域,临沭大兴桥,963,2
山东省,淮河流域,310公路桥,964,5
山东省,淮河流域,沙沟桥(赵楼),965,6
山东省,淮河流域,云蒙湖湖心,966,2
山东省,海河流域,第三店,967,8
山东省,海河流域,前油坊,968,4
山东省,海河流域,董姑桥,969,8
山东省,海河流域,油坊桥,970,4
山东省,海河流域,秤勾湾(秤钩湾),971,5
山东省,海河流域,北湖,972,10
山东省,黄河流域,张秋,973,7
山东省,海河流域,小泊头桥,974,9
山东省,海河流域,胜利桥,975,9
山东省,海河流域,富国,976,6
山东省,海河流域,王杠子闸,977,2
山东省,海河流域,芦家河子水库,978,7
山东省,海河流域,三角洼水库,979,9
山东省,淮河流域,西闸,980,5
山东省,淮河流域,范李,981,6
山东省,海河流域,大山,982,7
山东省,海河流域,邵家,983,7
山东省,淮河流域,于楼,984,6
山东省,淮河流域,徐寨,985,7
河南省,黄河流域,七里铺,986,5
河南省,淮河流域,尖岗水库,987,1
河南省,淮河流域,新郑黄甫寨,988,5
河南省,淮河流域,通许邸阁,989,6
河南省,淮河流域,中牟陈桥,990,2
河南省,黄河流域,高崖寨,991,9
河南省,黄河流域,龙门大桥,992,4
河南省,淮河流域,紫罗山,993,9
河南省,黄河流域,白马寺,994,10
河南省,黄河流域,洛宁长水,995,9
河南省,黄河流域,潭头,996,3
河南省,淮河流域,大陈闸,997,3
河南省,淮河流域,白龟山水库,998,6
河南省,淮河流域,杨寨中村,999,4
河南省,淮河流域,石漫滩水库,1000,8
河南省,淮河流域,昭平台水库,1001,1
河南省,海河流域,彰武水库,1002,7
河南省,海河流域,冯宿桥,1003,6
河南省,海河流域,南谷洞水库,1004,4
河南省,海河流域,五陵,1005,5
河南省,海河流域,弓上水库,1006,4
河南省,海河流域,黄花营,1007,8
河南省,海河流域,卫辉下马营,1008,10
河南省,海河流域,前枋城,1009,9
河南省,海河流域,小河口,1010,8
河南省,海河流域,修武水文站,1011,1
河南省,海河流域,获嘉东碑村,1012,9
河南省,黄河流域,封丘陶北,1013,7
河南省,黄河流域,封丘王堤,1014,10
河南省,海河流域,新乡贾太湖,1015,5
河南省,黄河流域,武陟渠首,1016,10
河南省,海河流域,南乐元村集,1017,4
河南省,海河流域,南乐水文站,1018,3
河南省,海河流域,濮阳西水坡,1019,4
河南省,黄河流域,濮阳大韩桥,1020,2
河南省,淮河流域,白沙水库,1021,4
河南省,淮河流域,临颍吴刘闸,1022,3
河南省,淮河流域,西华程湾,1023,8
河南省,淮河流域,郾城漯邓桥,1024,8
河南省,淮河流域,叶舞公路桥,1025,10
河南省,淮河流域,临颍高村桥,1026,2
河南省,淮河流域,舞阳马湾,1027,4
河南省,黄河流域,洛河大桥,1028,6
河南省,黄河流域,窄口长桥,1029,7
河南省,黄河流域,三门峡水库,1030,4
河南省,长江流域,淅川荆紫关(荆紫关),1031,5
河南省,长江流域,淅川史家湾(史家湾),1032,3
河南省,长江流域,淅川高湾(高湾),1033,1
河南省,长江流域,淅川张营(张营),1034,6
河南省,长江流域,五龙泉,1035,9
河南省,长江流域,宋岗,1036,1
河南省,长江流域,陶岔,1037,4
河南省,长江流域,南阳盆窑,1038,8
河南省,长江流域,三道河,1039,7
河南省,长江流域,上河,1040,5
河南省,长江流域,方城夏河,1041,4
河南省,长江流域,内乡怀乡桥,1042,1
河南省,淮河流域,睢阳包公庙,1043,7
河南省,淮河流域,黄口,1044,2
河南省,淮河流域,睢县板桥,1045,5
河南省,淮河流域,永城张板桥,1046,5
河南省,淮河流域,蒋集,1047,2
河南省,淮河流域,长台关甘岸桥,1048,6
河南省,淮河流域,淮滨水文站(淮滨),1049,5
河南省,淮河流域,信阳琵琶山桥,1050,1
河南省,淮河流域,潢川水文站,1051,3
河南省,淮河流域,淮滨北庙,1052,9
河南省,淮河流域,饮用水源地取水口,1053,7
河南省,淮河流域,大坝北,1054,2
河南省,淮河流域,竹竿铺,1055,3
河南省,淮河流域,固始马罡,1056,10
河南省,淮河流域,沈丘闸,1057,10
河南省,淮河流域,西华大王庄,1058,2
河南省,淮河流域,周口康店,1059,8
河南省,淮河流域,商水双桥,1060,1
河南省,淮河流域,鄢陵陶城闸,1061,8
河南省,淮河流域,鹿邑付桥(鹿邑付桥闸),1062,4
河南省,淮河流域,西华址坊,1063,2
河南省,淮河流域,新蔡班台(班台),1064,9
河南省,淮河流域,汝南沙口,1065,2
河南省,淮河流域,西平杨庄,1066,5
河南省,淮河流域,板桥水库,1067,10
河南省,淮河流域,薄山水库,1068,3
河南省,淮河流域,新蔡李桥,1069,3
河南省,黄河流域,小浪底水库(小浪底),1070,6
河南省,黄河流域,南山,1071,6
湖北省,长江流域,朱家河口,1072,7
湖北省,长江流域,沐家泾,1073,3
湖北省,长江流域,江夏湖心,1074,5
湖北省,长江流域,西梁子湖湖心(南北嘴),1075,2
湖北省,长江流域,牛山湖湖心,1076,5
湖北省,长江流域,西梁子湖湖北,1077,8
湖北省,长江流域,西梁子湖湖南,1078,6
湖北省,长江流域,宗关,1079,2
湖北省,长江流域,杨泗港,1080,1
湖北省,长江流域,冯集,1081,1
湖北省,长江流域,龙口,1082,6
湖北省,长江流域,金水闸,1083,6
湖北省,长江流域,郭玉,1084,2
湖北省,长江流域,滠口,1085,4
湖北省,长江流域,港洲村,1086,2
湖北省,长江流域,黄陵大桥,1087,7
湖北省,长江流域,太平沙,1088,4
湖北省,长江流域,白浒山,1089,6
湖北省,长江流域,富池闸,1090,5
湖北省,长江流域,大冶湖闸,1091,3
湖北省,长江流域,夹河口,1092,5
湖北省,长江流域,天河口,1093,5
湖北省,长江流域,焦家院,1094,7
湖北省,长江流域,孙家湾,1095,7
湖北省,长江流域,浪河口,1096,4
湖北省,长江流域,坝上中(胡家岭),1097,8
湖北省,长江流域,黄龙1(黄龙滩水库),1098,9
湖北省,长江流域,陈家坡,1099,10
湖北省,长江流域,羊尾,1100,10
湖北省,长江流域,界牌沟,1101,1
湖北省,长江流域,潘口水库坝上,1102,10
湖北省,长江流域,剑河口,1103,4
湖北省,长江流域,东湾桥,1104,3
湖北省,长江流域,玉皇滩,1105,2
湖北省,长江流域,神定河口,1106,6
湖北省,长江流域,泗河口,1107,5
湖北省,长江流域,王河电站,1108,2
湖北省,长江流域,隔河岩水库坝上,1109,9
湖北省,长江流域,长沙坝,1110,3
湖北省,长江流域,清江大桥,1111,3
湖北省,长江流域,南津关,1112,4
湖北省,长江流域,马渡河,1113,1
湖北省,长江流域,铁路大桥(小桂林),1114,6
湖北省,长江流域,两河口(草埠湖水厂),1115,10
湖北省,长江流域,桅杆坪,1116,5
湖北省,长江流域,白石港,1117,9
湖北省,长江流域,云池(白洋),1118,6
湖北省,长江流域,翟湾,1119,5
湖北省,长江流域,埠口,1120,2
湖北省,长江流域,张湾,1121,9
湖北省,长江流域,白家湾,1122,1
湖北省,长江流域,余家湖,1123,6
湖北省,长江流域,聂家滩,1124,9
湖北省,长江流域,汤店,1125,9
湖北省,长江流域,沈湾,1126,10
湖北省,长江流域,朱市,1127,9
湖北省,长江流域,茶庵,1128,5
湖北省,长江流域,马兰河口,1129,3
湖北省,长江流域,燕矶,1130,4
湖北省,长江流域,梁子岛水源(七星),1131,6
湖北省,长江流域,漳河水库库心,1132,9
湖北省,长江流域,转斗,1133,6
湖北省,长江流域,罗汉闸,1134,3
湖北省,长江流域,皇庄,1135,9
湖北省,长江流域,京山河邓李港,1136,5
湖北省,长江流域,马良龚家湾,1137,9
湖北省,长江流域,应城公路桥,1138,1
湖北省,长江流域,田店泵站,1139,7
湖北省,长江流域,垌冢桥,1140,1
湖北省,长江流域,新沟闸,1141,6
湖北省,长江流域,小河,1142,8
湖北省,长江流域,孝昌王店,1143,8
湖北省,长江流域,孝感河口大桥,1144,10
湖北省,长江流域,大悟河口,1145,2
湖北省,长江流域,安陆桑树,1146,2
湖北省,长江流域,鲢鱼地泵站,1147,7
湖北省,长江流域,隔卜桥,1148,5
湖北省,长江流域,五岭子,1149,8
湖北省,长江流域,湖心A(洪湖湖心A),1150,5
湖北省,长江流域,杨柴湖,1151,8
湖北省,长江流域,排水闸,1152,2
湖北省,长江流域,湖心B(洪湖湖心B),1153,3
湖北省,长江流域,观音寺,1154,1
湖北省,长江流域,新刘家台,1155,7
湖北省,长江流域,汉洪大桥,1156,3
湖北省,长江流域,荆州河口,1157,2
湖北省,长江流域,康家岗,1158,1
湖北省,长江流域,新河村,1159,1
湖北省,长江流域,新滩,1160,2
湖北省,长江流域,淤泥湖,1161,2
湖北省,长江流域,杨家垱,1162,1
湖北省,长江流域,柳口,1163,9
湖北省,长江流域,调关,1164,7
湖北省,长江流域,砖瓦厂,1165,6
湖北省,长江流域,陶冲村,1166,7
湖北省,长江流域,中官浦,1167,4
湖北省,长江流域,周八家,1168,2
湖北省,长江流域,库坝上,1169,4
湖北省,长江流域,巴河镇河口,1170,10
湖北省,长江流域,麻城许家湾,1171,2
湖北省,长江流域,西河驿,1172,8
湖北省,长江流域,兰溪大桥,1173,7
湖北省,长江流域,中官铺,1174,8
湖北省,长江流域,咸宁湖心,1175,7
湖北省,长江流域,富水水库,1176,7
湖北省,长江流域,西河桥,1177,5
湖北省,长江流域,陆溪口,1178,5
湖北省,长江流域,洪下水文站,1179,1
湖北省,长江流域,厉山,1180,7
湖北省,长江流域,平林,1181,2
湖北省,长江流域,涢水大桥,1182,2
湖北省,长江流域,巫峡口,1183,9
湖北省,长江流域,江口村,1184,4
湖北省,长江流域,恩施大沙坝,1185,6
湖北省,长江流域,七要口,1186,4
湖北省,长江流域,周家坝,1187,1
湖北省,长江流域,百福司镇,1188,1
湖北省,长江流域,长顺乡,1189,1
湖北省,长江流域,黄腊石,1190,1
湖北省,长江流域,汉南村,1191,2
湖北省,长江流域,潜江大桥,1192,4
湖北省,长江流域,运粮湖同心队,1193,8
湖北省,长江流域,岳口,1194,3
湖北省,长江流域,拖市,1195,5
湖北省,长江流域,阳日湾,1196,1
湖南省,长江流域,新港,1197,7
湖南省,长江流域,昭山,1198,7
湖南省,长江流域,捞刀河口,1199,8
湖南省,长江流域,三角洲,1200,7
湖南省,长江流域,胜利,1201,2
湖南省,长江流域,桔子洲,1202,7
湖南省,长江流域,醴陵王坊,1203,2
湖南省,长江流域,霞湾,1204,1
湖南省,长江流域,渌水入河口,1205,5
湖南省,长江流域,涟水入河口,1206,5
湖南省,长江流域,西阳渡口,1207,5
湖南省,长江流域,归阳镇,1208,1
湖南省,长江流域,联江村,1209,9
湖南省,长江流域,舂陵水入湘江口,1210,2
湖南省,长江流域,耒水入湘江口,1211,1
湖南省,长江流域,熬洲,1212,2
湖南省,长江流域,罗渡镇,1213,5
湖南省,长江流域,大河滩,1214,10
湖南省,长江流域,草市镇,1215,9
湖南省,长江流域,洣水入湘江口,1216,3
湖南省,长江流域,城北水厂,1217,7
湖南省,长江流域,蒸水入湘江口,1218,6
湖南省,长江流域,桂花渡水厂,1219,2
湖南省,长江流域,塘渡口,1220,3
湖南省,长江流域,窑市,1221,4
湖南省,长江流域,渡头村,1222,5
湖南省,长江流域,邵水入河口,1223,2
湖南省,长江流域,绥宁河口镇,1224,1
湖南省,长江流域,鹿角(老),1225,8
湖南省,长江流域,鹿角,1226,6
湖南省,长江流域,东洞庭湖,1227,8
湖南省,长江流域,岳阳楼,1228,8
湖南省,长江流域,樟树港,1229,8
湖南省,长江流域,城陵矶,1230,2
湖南省,长江流域,荆江口,1231,10
湖南省,长江流域,六门闸,1232,5
湖南省,长江流域,南渡,1233,9
湖南省,长江流域,八仙桥,1234,2
湖南省,长江流域,沙河口,1235,6
湖南省,长江流域,坡头,1236,5
湖南省,长江流域,蒋家嘴,1237,4
湖南省,长江流域,三江口,1238,9
湖南省,长江流域,窑坡渡,1239,4
湖南省,长江流域,马坡湖,1240,1
湖南省,长江流域,陈家河(四水厂),1241,8
湖南省,长江流域,永定澄潭(区水厂),1242,1
湖南省,长江流域,万家嘴,1243,9
湖南省,长江流域,万子湖,1244,4
湖南省,长江流域,南嘴,1245,5
湖南省,长江流域,小河嘴,1246,4
湖南省,长江流域,大通湖,1247,3
湖南省,长江流域,坪口,1248,10
湖南省,长江流域,桃谷山,1249,7
湖南省,长江流域,头山,1250,10
湖南省,长江流域,渡口大桥,1251,1
湖南省,长江流域,绿埠头,1252,6
湖南省,长江流域,双牌水库,1253,5
湖南省,长江流域,诸葛庙,1254,2
湖南省,长江流域,托口,1255,1
湖南省,长江流域,五强溪,1256,4
湖南省,长江流域,铜信溪电站(铜信溪),1257,10
湖南省,长江流域,地阳坪公路大桥,1258,3
湖南省,长江流域,托口渠水,1259,8
湖南省,长江流域,舞水入河口(黔城二水厂),1260,8
湖南省,长江流域,鱼市,1261,1
湖南省,长江流域,溪子口(县水厂),1262,5
湖南省,长江流域,萝卜湾,1263,4
湖南省,长江流域,侯家淇,1264,6
湖南省,长江流域,球溪,1265,7
湖南省,长江流域,街埠头,1266,2
湖南省,长江流域,浦市上游,1267,3
湖南省,长江流域,石花村,1268,4
湖南省,长江流域,里耶镇,1269,10
湖南省,长江流域,河溪水文站,1270,9
湖南省,长江流域,江口,1271,1
湖南省,长江流域,凤滩水库,1272,5
湖南省,长江流域,武水汇合口,1273,4
广东省,珠江流域,蕉门,1274,6
广东省,珠江流域,洪奇沥,1275,6
广东省,珠江流域,莲花山,1276,5
广东省,珠江流域,流溪河山庄,1277,10
广东省,珠江流域,官坦,1278,1
广东省,珠江流域,大龙涌口,1279,1
广东省,珠江流域,九龙潭,1280,4
广东省,珠江流域,增江口,1281,1
广东省,珠江流域,鸦岗,1282,7
广东省,珠江流域,墩头基,1283,3
广东省,珠江流域,大墩,1284,7
广东省,珠江流域,孔江水库入库口,1285,6
广东省,珠江流域,城口水站,1286,10
广东省,珠江流域,十里亭,1287,9
广东省,珠江流域,长坝,1288,10
广东省,珠江流域,三溪桥(乐昌三溪河),1289,8
广东省,珠江流域,高桥,1290,5
广东省,珠江流域,深圳河口(老),1291,8
广东省,珠江流域,小漠桥,1292,2
广东省,珠江流域,共和村,1293,7
广东省,珠江流域,尖峰大桥,1294,3
广东省,珠江流域,珠海大桥,1295,10
广东省,珠江流域,石角咀水闸,1296,6
广东省,珠江流域,鸡啼门大桥,1297,10
广东省,珠江流域,布洲,1298,8
广东省,珠江流域,隆都,1299,3
广东省,珠江流域,海门湾桥闸,1300,2
广东省,珠江流域,升平,1301,1
广东省,珠江流域,外砂,1302,5
广东省,珠江流域,莲阳桥闸,1303,9
广东省,珠江流域,大衙,1304,3
广东省,珠江流域,平洲,1305,7
广东省,珠江流域,乌洲,1306,6
广东省,珠江流域,古劳,1307,9
广东省,珠江流域,下东,1308,1
广东省,珠江流域,苍山渡口,1309,3
广东省,珠江流域,牛湾,1310,9
广东省,珠江流域,渠首,1311,1
广东省,珠江流域,黄坡,1312,10
广东省,珠江流域,山角,1313,7
广东省,珠江流域,赤坎水厂(塘口取水口),1314,9
广东省,珠江流域,排里,1315,2
广东省,珠江流域,南渡河桥,1316,2
广东省,珠江流域,石碧,1317,2
广东省,珠江流域,营仔,1318,6
广东省,珠江流域,大山江,1319,9
广东省,珠江流域,塘口,1320,6
广东省,珠江流域,石骨水库,1321,3
广东省,珠江流域,良德水库,1322,1
广东省,珠江流域,江口门,1323,7
广东省,珠江流域,米急渡,1324,5
广东省,珠江流域,梁村,1325,4
广东省,珠江流域,封开城上,1326,10
广东省,珠江流域,白沙街,1327,10
广东省,珠江流域,黄岗,1328,9
广东省,珠江流域,永安,1329,4
广东省,珠江流域,紫溪,1330,4
广东省,珠江流域,江口,1331,1
广东省,珠江流域,博罗城下(新角),1332,7
广东省,珠江流域,惠州汝湖,1333,1
广东省,珠江流域,沙河河口(里波水）,1334,1
广东省,珠江流域,马安大桥下,1335,4
广东省,珠江流域,虎爪断桥,1336,1
广东省,珠江流域,南边灶桥,1337,4
广东省,珠江流域,三棵树,1338,10
广东省,珠江流域,滨海十路与石化大道中交汇处,1339,7
广东省,珠江流域,横头街霞涌医院门口前,1340,4
广东省,珠江流域,吉隆商贸城前,1341,10
广东省,珠江流域,青溪(大浦青溪),1342,2
广东省,珠江流域,大麻,1343,6
广东省,珠江流域,西阳电站,1344,7
广东省,珠江流域,海丰西闸,1345,3
广东省,珠江流域,陆丰半湾水闸,1346,10
广东省,珠江流域,东溪水闸,1347,2
广东省,珠江流域,乌坎,1348,2
广东省,珠江流域,龙川寻邬,1349,6
广东省,珠江流域,庙咀里(定南水站),1350,10
广东省,珠江流域,新丰江水库,1351,9
广东省,珠江流域,龙川城铁路桥,1352,4
广东省,珠江流域,江城,1353,10
广东省,珠江流域,尖山,1354,9
广东省,珠江流域,埠场,1355,9
广东省,珠江流域,大泉,1356,1
广东省,珠江流域,寿长,1357,9
广东省,珠江流域,七星岗,1358,10
广东省,珠江流域,北江石尾,1359,5
广东省,珠江流域,石角,1360,3
广东省,珠江流域,连江西牛,1361,6
广东省,珠江流域,樟村(家乐福),1362,3
广东省,珠江流域,沙田泗盛,1363,4
广东省,珠江流域,旗岭,1364,4
广东省,珠江流域,横栏,1365,4
广东省,珠江流域,中山港码头,1366,3
广东省,珠江流域,赤凤,1367,5
广东省,珠江流域,凤江桥,1368,2
广东省,珠江流域,地都,1369,8
广东省,珠江流域,隆溪大道桥,1370,2
广东省,珠江流域,龙石,1371,9
广东省,珠江流域,东湖,1372,1
广东省,珠江流域,古封,1373,5
广东省,珠江流域,都骑,1374,8
广东省,珠江流域,六都水厂上游,1375,10
广西壮族自治区,珠江流域,平畲,1376,7
广西壮族自治区,珠江流域,南岸,1377,1
广西壮族自治区,珠江流域,老口,1378,10
广西壮族自治区,珠江流域,叮当,1379,9
广西壮族自治区,珠江流域,六景,1380,8
广西壮族自治区,珠江流域,雁江,1381,4
广西壮族自治区,珠江流域,上中,1382,6
广西壮族自治区,珠江流域,梅林,1383,3
广西壮族自治区,珠江流域,露塘,1384,2
广西壮族自治区,珠江流域,渔村,1385,3
广西壮族自治区,珠江流域,木洞,1386,2
广西壮族自治区,长江流域,随滩,1387,6
广西壮族自治区,珠江流域,阳朔,1388,2
广西壮族自治区,珠江流域,水库出水口,1389,7
广西壮族自治区,珠江流域,交州,1390,8
广西壮族自治区,珠江流域,龙溪,1391,1
广西壮族自治区,珠江流域,界首,1392,3
广西壮族自治区,珠江流域,京南,1393,5
广西壮族自治区,珠江流域,石良角,1394,7
广西壮族自治区,珠江流域,亚桥,1395,2
广西壮族自治区,珠江流域,东边埇,1396,3
广西壮族自治区,珠江流域,南域,1397,1
广西壮族自治区,珠江流域,西门江,1398,8
广西壮族自治区,珠江流域,高速公路桥,1399,6
广西壮族自治区,珠江流域,婆围村,1400,2
广西壮族自治区,珠江流域,东兴,1401,5
广西壮族自治区,珠江流域,民生,1402,7
广西壮族自治区,珠江流域,狗尾濑,1403,10
广西壮族自治区,珠江流域,木头滩,1404,1
广西壮族自治区,珠江流域,三滩,1405,4
广西壮族自治区,珠江流域,边贸码头,1406,10
广西壮族自治区,珠江流域,高塘,1407,3
广西壮族自治区,珠江流域,茅岭大桥,1408,3
广西壮族自治区,珠江流域,钦江东,1409,7
广西壮族自治区,珠江流域,高速公路西桥,1410,10
广西壮族自治区,珠江流域,武林渡口,1411,6
广西壮族自治区,珠江流域,石嘴,1412,8
广西壮族自治区,珠江流域,火电厂,1413,8
广西壮族自治区,珠江流域,鼠岭(文车桥),1414,2
广西壮族自治区,珠江流域,爽底坪,1415,1
广西壮族自治区,珠江流域,自良渡口,1416,10
广西壮族自治区,珠江流域,横塘,1417,8
广西壮族自治区,珠江流域,坡脚(八大河),1418,10
广西壮族自治区,珠江流域,隘屯(上皿屯),1419,3
广西壮族自治区,珠江流域,澄碧河水库,1420,6
广西壮族自治区,珠江流域,公篓,1421,5
广西壮族自治区,珠江流域,扶隆,1422,6
广西壮族自治区,珠江流域,桂花,1423,6
广西壮族自治区,珠江流域,贺街,1424,10
广西壮族自治区,珠江流域,六排,1425,10
广西壮族自治区,珠江流域,大化,1426,5
广西壮族自治区,珠江流域,杨民,1427,1
广西壮族自治区,珠江流域,龙岩滩水库,1428,7
广西壮族自治区,珠江流域,车渡,1429,8
广西壮族自治区,珠江流域,垒亭,1430,2
广西壮族自治区,珠江流域,石龙,1431,1
广西壮族自治区,珠江流域,象州运江老街,1432,10
广西壮族自治区,珠江流域,勒马,1433,5
广西壮族自治区,珠江流域,德天,1434,5
广西壮族自治区,珠江流域,八角电站,1435,4
广西壮族自治区,珠江流域,平而关,1436,4
广西壮族自治区,珠江流域,那弄,1437,2
广西壮族自治区,珠江流域,上金,1438,3
广西壮族自治区,珠江流域,渠立,1439,4
广西壮族自治区,珠江流域,棉江,1440,9
海南省,珠江流域,铁桥,1441,9
海南省,珠江流域,龙塘,1442,10
海南省,珠江流域,儒房,1443,2
海南省,珠江流域,演州河河口,1444,10
海南省,珠江流域,后黎村,1445,5
海南省,珠江流域,水库出口(大隆水库出口),1446,4
海南省,珠江流域,妙林,1447,7
海南省,珠江流域,崖城大桥,1448,1
海南省,珠江流域,藤桥河大桥,1449,7
海南省,珠江流域,南丰库心(海南),1450,7
海南省,珠江流域,上村桥,1451,2
海南省,珠江流域,中和桥,1452,7
海南省,珠江流域,汀洲(丹村),1453,3
海南省,珠江流域,龙江,1454,1
海南省,珠江流域,溪仔村,1455,5
海南省,珠江流域,羊头外村桥,1456,7
海南省,珠江流域,农垦橡胶所一队,1457,4
海南省,珠江流域,水涯新区,1458,7
海南省,珠江流域,坡柳水闸,1459,9
海南省,珠江流域,分洪桥,1460,9
海南省,珠江流域,和乐桥,1461,3
海南省,珠江流域,后安桥,1462,7
海南省,珠江流域,后山村,1463,1
海南省,珠江流域,水库库心(大广坝水库出口),1464,10
海南省,珠江流域,罗带铁路桥,1465,4
海南省,珠江流域,山口,1466,1
海南省,珠江流域,白仞滩电站,1467,2
海南省,珠江流域,大风(昌化),1468,8
海南省,珠江流域,叉河口,1469,10
海南省,珠江流域,乐中,1470,2
海南省,珠江流域,跨界桥,1471,2
海南省,珠江流域,乐罗,1472,4
海南省,珠江流域,群英大坝,1473,4
海南省,珠江流域,大溪村,1474,10
重庆市,长江流域,玉滩水库,1475,4
重庆市,长江流域,晒网坝,1476,5
重庆市,长江流域,向家,1477,10
重庆市,长江流域,李渡,1478,2
重庆市,长江流域,清溪场,1479,3
重庆市,长江流域,木瓜洞,1480,4
重庆市,长江流域,丰收坝,1481,3
重庆市,长江流域,寸滩,1482,2
重庆市,长江流域,和尚山,1483,3
重庆市,长江流域,北温泉,1484,5
重庆市,长江流域,寨溪大桥,1485,8
重庆市,长江流域,石门坎,1486,4
重庆市,长江流域,红岩,1487,2
重庆市,长江流域,御临镇,1488,4
重庆市,长江流域,黎家乡崔家岩村,1489,5
重庆市,长江流域,运输桥,1490,2
重庆市,长江流域,六剑滩,1491,6
重庆市,长江流域,江津大桥,1492,1
重庆市,长江流域,朱杨溪,1493,9
重庆市,长江流域,北渡,1494,5
重庆市,长江流域,金子(老),1495,1
重庆市,长江流域,太和,1496,3
重庆市,长江流域,官渡,1497,6
重庆市,长江流域,临渡,1498,8
重庆市,长江流域,码头,1499,4
重庆市,长江流域,朱沱,1500,4
重庆市,长江流域,两河口,1501,9
重庆市,长江流域,中和,1502,2
重庆市,长江流域,玉溪,1503,3
重庆市,长江流域,光辉,1504,9
重庆市,长江流域,高洞电站,1505,5
重庆市,长江流域,锣鹰,1506,4
重庆市,长江流域,鸭江镇,1507,4
重庆市,长江流域,江口镇,1508,6
重庆市,长江流域,白马,1509,3
重庆市,长江流域,土堡寨,1510,6
重庆市,长江流域,水寨子,1511,1
重庆市,长江流域,湖海场,1512,10
重庆市,长江流域,卫星桥,1513,6
重庆市,长江流域,高洞梁,1514,5
重庆市,长江流域,苏家,1515,6
重庆市,长江流域,高阳渡口,1516,8
重庆市,长江流域,汤溪河江口,1517,10
重庆市,长江流域,罗汉大桥,1518,1
重庆市,长江流域,白帝城,1519,4
重庆市,长江流域,花台,1520,7
重庆市,长江流域,万木,1521,2
重庆市,长江流域,红花村,1522,6
重庆市,长江流域,郁江桥,1523,4
四川省,长江流域,都江堰水文站,1524,2
四川省,长江流域,黄龙溪,1525,9
四川省,长江流域,201医院,1526,4
四川省,长江流域,二江寺,1527,6
四川省,长江流域,岳店子下,1528,5
四川省,长江流域,三邑大桥,1529,7
四川省,长江流域,宏缘,1530,8
四川省,长江流域,李家湾,1531,2
四川省,长江流域,碳研所,1532,2
四川省,长江流域,廖家堰,1533,6
四川省,长江流域,两河口,1534,7
四川省,长江流域,脚仙村,1535,1
四川省,长江流域,龙洞,1536,9
四川省,长江流域,倮果,1537,6
四川省,长江流域,雅砻江口,1538,4
四川省,长江流域,昔街大桥,1539,4
四川省,长江流域,柏枝,1540,8
四川省,长江流域,手爬岩,1541,1
四川省,长江流域,沱江大桥(沱江二桥),1542,2
四川省,长江流域,醒觉溪,1543,7
四川省,长江流域,胡市大桥,1544,5
四川省,长江流域,大磨子,1545,6
四川省,长江流域,泸天化大桥,1546,4
四川省,长江流域,纳溪大渡口,1547,1
四川省,长江流域,八角,1548,7
四川省,长江流域,西平镇,1549,1
四川省,长江流域,象山,1550,10
四川省,长江流域,双江桥,1551,4
四川省,长江流域,三川,1552,3
四川省,长江流域,平武水文站,1553,7
四川省,长江流域,百顷,1554,5
四川省,长江流域,丰谷,1555,4
四川省,长江流域,福田坝,1556,4
四川省,长江流域,鲁班岛,1557,3
四川省,长江流域,北川通口,1558,8
四川省,长江流域,清风峡,1559,1
四川省,长江流域,八庙沟,1560,10
四川省,长江流域,姚渡,1561,9
四川省,长江流域,苴国村,1562,1
四川省,长江流域,上石盘,1563,4
四川省,长江流域,南渡,1564,1
四川省,长江流域,跑马滩,1565,5
四川省,长江流域,梓江大桥,1566,1
四川省,长江流域,球溪河口,1567,8
四川省,长江流域,岷江大桥,1568,9
四川省,长江流域,李码头,1569,9
四川省,长江流域,马边河河口,1570,5
四川省,长江流域,悦来渡口,1571,7
四川省,长江流域,木城镇,1572,8
四川省,长江流域,姜公堰,1573,5
四川省,长江流域,文成镇,1574,3
四川省,长江流域,金溪电站,1575,9
四川省,长江流域,升钟水库铁炉寺,1576,6
四川省,长江流域,沙溪,1577,9
四川省,长江流域,彭山岷江大桥,1578,2
四川省,长江流域,月波,1579,8
四川省,长江流域,凉姜沟,1580,2
四川省,长江流域,挂弓山,1581,4
四川省,长江流域,石门子,1582,5
四川省,长江流域,蔡家渡口,1583,5
四川省,长江流域,三块石,1584,6
四川省,长江流域,金子,1585,8
四川省,长江流域,烈面,1586,8
四川省,长江流域,幺滩,1587,10
四川省,长江流域,江陵,1588,5
四川省,长江流域,大蹬沟,1589,9
四川省,长江流域,白兔乡,1590,1
四川省,长江流域,团堡岭,1591,6
四川省,长江流域,联盟桥,1592,8
四川省,长江流域,舵石盘,1593,1
四川省,长江流域,车家河,1594,6
四川省,长江流域,三谷庄,1595,6
四川省,长江流域,大岗山,1596,6
四川省,长江流域,龟都府,1597,3
四川省,长江流域,手傍岩,1598,4
四川省,长江流域,幸福村(河东元坝),1599,8
四川省,长江流域,拱城铺渡口,1600,7
四川省,长江流域,县城马踏石点,1601,2
四川省,长江流域,马尔邦碉王山庄,1602,5
四川省,长江流域,渭门桥,1603,2
四川省,长江流域,小水沟,1604,5
四川省,长江流域,礼板湾(王妃岛),1605,7
四川省,长江流域,阿七大桥,1606,1
四川省,长江流域,邛海湖心,1607,4
贵州省,长江流域,棉花渡,1608,6
贵州省,长江流域,贵铝泵房,1609,10
贵州省,长江流域,花鱼洞,1610,2
贵州省,长江流域,新庄,1611,5
贵州省,长江流域,大关桥,1612,3
贵州省,长江流域,六广,1613,3
贵州省,长江流域,龙场,1614,4
贵州省,珠江流域,发耳,1615,8
贵州省,长江流域,打秋坪,1616,10
贵州省,长江流域,鱼塘大桥,1617,8
贵州省,长江流域,长脚,1618,9
贵州省,长江流域,大乌江镇,1619,7
贵州省,长江流域,沿江渡,1620,10
贵州省,长江流域,鲤鱼塘,1621,6
贵州省,长江流域,坡渡,1622,8
贵州省,长江流域,鲢鱼溪,1623,10
贵州省,长江流域,长沙,1624,5
贵州省,长江流域,茅台,1625,5
贵州省,珠江流域,黄果树,1626,3
贵州省,长江流域,斯拉河大桥,1627,1
贵州省,珠江流域,坝草,1628,9
贵州省,珠江流域,打邦,1629,2
贵州省,长江流域,高店,1630,1
贵州省,长江流域,清水铺,1631,6
贵州省,长江流域,大桥边,1632,4
贵州省,长江流域,冷龙,1633,9
贵州省,长江流域,乌杨树,1634,2
贵州省,长江流域,玉屏,1635,3
贵州省,长江流域,西岩寺,1636,3
贵州省,珠江流域,三江口,1637,2
贵州省,珠江流域,万峰湖(万峰湖湖心),1638,10
贵州省,珠江流域,岔河口,1639,8
贵州省,珠江流域,蔗香北,1640,2
贵州省,珠江流域,黄泥河,1641,3
贵州省,珠江流域,赵家渡,1642,1
贵州省,珠江流域,坡脚,1643,3
贵州省,珠江流域,蔗香南,1644,4
贵州省,珠江流域,从江大桥,1645,10
贵州省,长江流域,平敏大桥,1646,9
贵州省,长江流域,旁海,1647,9
贵州省,长江流域,兴仁桥,1648,8
贵州省,长江流域,重安江大桥,1649,2
贵州省,珠江流域,榕江,1650,8
贵州省,珠江流域,新华,1651,4
贵州省,长江流域,凤山桥边,1652,9
贵州省,珠江流域,三都桥,1653,1
贵州省,珠江流域,边外河,1654,3
贵州省,珠江流域,界牌,1655,1
云南省,滇池流域,罗家营(老),1656,2
云南省,滇池流域,滇池南(老),1657,2
云南省,滇池流域,西苑隧道,1658,5
云南省,滇池流域,观音山,1659,10
云南省,长江流域,通仙桥,1660,6
云南省,长江流域,崔家庄,1661,8
云南省,长江流域,普渡河桥,1662,9
云南省,珠江流域,禄丰村,1663,4
云南省,滇池流域,回龙村,1664,2
云南省,滇池流域,船房五社桥头(一检站),1665,8
云南省,滇池流域,王大桥,1666,7
云南省,滇池流域,大观河入湖口(航运公司)(篆塘河泵站),1667,8
云南省,滇池流域,大渔乡土罗村入湖口,1668,3
云南省,滇池流域,新河村入湖口(金属筛片厂小桥),1669,7
云南省,珠江流域,阳宗海中,1670,4
云南省,长江流域,富民大桥,1671,1
云南省,滇池流域,严家村桥(盘龙江),1672,7
云南省,滇池流域,宝丰村入湖口,1673,4
云南省,滇池流域,江尾下闸,1674,6
云南省,滇池流域,茨巷河入湖口(牛恋乡),1675,9
云南省,滇池流域,东大河滇池入湖口,1676,5
云南省,滇池流域,草海中心,1677,1
云南省,滇池流域,灰湾中,1678,5
云南省,滇池流域,罗家营,1679,8
云南省,滇池流域,观音山东,1680,8
云南省,滇池流域,观音山中,1681,4
云南省,滇池流域,观音山西,1682,2
云南省,滇池流域,海口西,1683,9
云南省,滇池流域,滇池南,1684,5
云南省,滇池流域,白鱼口,1685,7
云南省,滇池流域,断桥,1686,9
云南省,滇池流域,晋城小寨,1687,1
云南省,长江流域,河口(象鼻山吊桥),1688,7
云南省,珠江流域,花山水库出水口,1689,1
云南省,长江流域,以礼河水文站,1690,5
云南省,珠江流域,厂房大桥,1691,1
云南省,珠江流域,天生桥,1692,4
云南省,珠江流域,设里桥,1693,10
云南省,珠江流域,孤山,1694,1
云南省,珠江流域,盘溪大桥,1695,1
云南省,珠江流域,九甸大桥,1696,3
云南省,西南诸河,坝洪村,1697,10
云南省,珠江流域,抚仙湖心,1698,10
云南省,西南诸河,绿汁江大桥,1699,10
云南省,珠江流域,杞麓湖心,1700,4
云南省,珠江流域,永昌桥,1701,7
云南省,珠江流域,星云湖心,1702,6
云南省,西南诸河,红旗桥,1703,1
云南省,西南诸河,湾甸,1704,7
云南省,西南诸河,永保桥,1705,1
云南省,西南诸河,龙江桥,1706,4
云南省,长江流域,江底桥,1707,8
云南省,长江流域,头屯河,1708,10
云南省,长江流域,横江桥,1709,4
云南省,长江流域,程海湖中,1710,8
云南省,长江流域,泸沽湖湖心(泸沽湖),1711,10
云南省,长江流域,新华,1712,9
云南省,长江流域,金江桥,1713,8
云南省,长江流域,龙兴村,1714,8
云南省,西南诸河,土卡河水文站(土卡河),1715,4
云南省,西南诸河,思茅港,1716,2
云南省,西南诸河,芒东桥,1717,1
云南省,西南诸河,孟拉桥,1718,10
云南省,西南诸河,莲花乡,1719,6
云南省,西南诸河,储木场,1720,9
云南省,西南诸河,嘎旧,1721,10
云南省,西南诸河,景临桥,1722,4
云南省,西南诸河,孟定大桥,1723,9
云南省,西南诸河,黑箐,1724,4
云南省,西南诸河,小黑江检查站,1725,8
云南省,西南诸河,水文站,1726,2
云南省,长江流域,西观桥,1727,5
云南省,西南诸河,那发出境,1728,2
云南省,西南诸河,中越桥,1729,2
云南省,西南诸河,蚂蟥堡桥,1730,9
云南省,西南诸河,龙脖渡口,1731,6
云南省,西南诸河,河口县医院(河口),1732,10
云南省,西南诸河,蔓耗桥,1733,1
云南省,西南诸河,小河底河,1734,1
云南省,西南诸河,异龙湖中,1735,6
云南省,珠江流域,长虹桥,1736,1
云南省,珠江流域,江边桥,1737,7
云南省,西南诸河,天保农场,1738,4
云南省,西南诸河,南利大桥,1739,5
云南省,珠江流域,谷拉河大桥,1740,1
云南省,西南诸河,橄榄坝,1741,7
云南省,西南诸河,关累码头,1742,8
云南省,西南诸河,勐仑大桥,1743,3
云南省,西南诸河,风情园大桥,1744,9
云南省,西南诸河,勐捧岔河,1745,3
云南省,西南诸河,打洛江大桥,1746,8
云南省,西南诸河,金河,1747,9
云南省,西南诸河,小关邑,1748,3
云南省,西南诸河,南涧小湾电站(澜沧江),1749,9
云南省,西南诸河,洱海湖心,1750,4
云南省,西南诸河,交汇口,1751,6
云南省,西南诸河,徐村桥,1752,6
云南省,西南诸河,江尾,1753,1
云南省,西南诸河,四级坝,1754,4
云南省,西南诸河,嘎中桥,1755,3
云南省,西南诸河,汇流电站,1756,1
云南省,西南诸河,姐告大桥,1757,8
云南省,西南诸河,迭撒大桥,1758,4
云南省,西南诸河,风平,1759,4
云南省,西南诸河,拉甲木底桥,1760,3
云南省,西南诸河,丙舍桥,1761,5
云南省,长江流域,贺龙桥,1762,4
云南省,西南诸河,中路村,1763,2
西藏自治区,西南诸河,才纳(帮布布),1764,9
西藏自治区,西南诸河,米瑞,1765,6
陕西省,黄河流域,新丰镇大桥,1766,6
陕西省,黄河流域,灞河口,1767,1
陕西省,黄河流域,三郎村,1768,6
陕西省,黄河流域,岔口,1769,2
陕西省,长江流域,黄牛铺,1770,3
陕西省,黄河流域,魏家堡,1771,1
陕西省,黄河流域,千河公路桥,1772,10
陕西省,黄河流域,卧龙寺桥,1773,1
陕西省,长江流域,灶火庵,1774,2
陕西省,黄河流域,咸阳铁桥,1775,8
陕西省,黄河流域,兴平,1776,2
陕西省,黄河流域,泾河桥,1777,4
陕西省,黄河流域,黑河张家桥,1778,9
陕西省,黄河流域,沙王渡,1779,6
陕西省,黄河流域,潼关吊桥,1780,4
陕西省,黄河流域,王谦村,1781,3
陕西省,黄河流域,张家庄,1782,1
陕西省,黄河流域,水库出水口,1783,4
陕西省,黄河流域,田庄镇南城村,1784,10
陕西省,黄河流域,王家河,1785,5
陕西省,黄河流域,昝家山,1786,7
陕西省,黄河流域,阎家滩,1787,8
陕西省,黄河流域,朱家沟,1788,6
陕西省,长江流域,鲁光坪,1789,9
陕西省,长江流域,黄金峡,1790,9
陕西省,长江流域,烈金坝,1791,5
陕西省,长江流域,石门水库,1792,6
陕西省,长江流域,南柳渡,1793,8
陕西省,长江流域,梁西渡,1794,8
陕西省,长江流域,白水江,1795,3
陕西省,黄河流域,清涧无定河,1796,2
陕西省,黄河流域,柏树坪,1797,7
陕西省,黄河流域,温家川(神木窟野河),1798,8
陕西省,黄河流域,碛塄,1799,2
陕西省,黄河流域,贾家畔,1800,10
陕西省,黄河流域,高家川,1801,7
陕西省,黄河流域,鱼河,1802,7
陕西省,长江流域,小钢桥,1803,9
陕西省,长江流域,老君关,1804,7
陕西省,长江流域,瀛湖坝前,1805,9
陕西省,长江流域,漫川关,1806,2
陕西省,长江流域,构峪口,1807,2
陕西省,长江流域,丹凤下,1808,10
陕西省,黄河流域,灵口,1809,4
甘肃省,黄河流域,扶和桥,1810,3
甘肃省,黄河流域,什川桥,1811,5
甘肃省,黄河流域,新城桥,1812,10
甘肃省,黄河流域,湟水桥,1813,1
甘肃省,西北诸河,冰沟,1814,2
甘肃省,西北诸河,火车站,1815,4
甘肃省,西北诸河,迎山坡,1816,10
甘肃省,黄河流域,青城桥,1817,6
甘肃省,黄河流域,五佛寺,1818,9
甘肃省,黄河流域,靖远桥,1819,10
甘肃省,黄河流域,桦林,1820,4
甘肃省,黄河流域,葡萄园(牛背),1821,7
甘肃省,西北诸河,红崖山水库,1822,7
甘肃省,西北诸河,黄羊水库,1823,10
甘肃省,西北诸河,扎子沟,1824,1
甘肃省,西北诸河,莺落峡,1825,2
甘肃省,西北诸河,高崖水文站,1826,8
甘肃省,西北诸河,皇城水库,1827,3
甘肃省,西北诸河,六坝桥,1828,9
甘肃省,黄河流域,长庆桥,1829,5
甘肃省,西北诸河,解放村水库,1830,6
甘肃省,黄河流域,洮园桥,1831,10
甘肃省,长江流域,固水子村,1832,2
甘肃省,长江流域,两水桥,1833,3
甘肃省,黄河流域,折桥,1834,10
甘肃省,黄河流域,地沟桥,1835,8
甘肃省,黄河流域,玛曲,1836,5
青海省,黄河流域,扎马隆,1837,3
青海省,黄河流域,小峡桥,1838,6
青海省,黄河流域,润泽桥,1839,5
青海省,黄河流域,塔尔桥,1840,6
青海省,黄河流域,民和桥(老),1841,9
青海省,黄河流域,大河家,1842,10
青海省,黄河流域,民和桥,1843,1
青海省,黄河流域,峡塘,1844,6
青海省,黄河流域,甘冲口,1845,8
青海省,西北诸河,黄藏寺,1846,8
青海省,黄河流域,金滩,1847,3
青海省,西北诸河,布哈河入青海湖口,1848,7
青海省,黄河流域,唐乃亥,1849,3
青海省,黄河流域,龙羊峡库区出水口,1850,1
青海省,长江流域,直门达,1851,2
青海省,西北诸河,小桥,1852,1
青海省,西北诸河,总场水闸,1853,4
青海省,西北诸河,纳赤台,1854,10
宁夏回族自治区,黄河流域,叶盛公路桥,1855,9
宁夏回族自治区,黄河流域,银古公路桥,1856,4
宁夏回族自治区,黄河流域,鸭子荡水库,1857,7
宁夏回族自治区,黄河流域,平罗黄河大桥,1858,3
宁夏回族自治区,黄河流域,麻黄沟,1859,1
宁夏回族自治区,黄河流域,沙湖,1860,5
宁夏回族自治区,黄河流域,金沙湾,1861,5
宁夏回族自治区,黄河流域,弹筝峡,1862,7
宁夏回族自治区,黄河流域,沟圈,1863,6
宁夏回族自治区,黄河流域,中卫下河沿(新墩),1864,8
宁夏回族自治区,黄河流域,泉眼山,1865,7
宁夏回族自治区,黄河流域,香山湖,1866,4
新疆维吾尔自治区,西北诸河,青年渠,1867,1
新疆维吾尔自治区,西北诸河,七纺桥,1868,9
新疆维吾尔自治区,西北诸河,赛湖2,1869,5
新疆维吾尔自治区,西北诸河,哈尔莫墩,1870,6
新疆维吾尔自治区,西北诸河,汇合口,1871,2
新疆维吾尔自治区,西北诸河,兰干,1872,3
新疆维吾尔自治区,西北诸河,博湖5,1873,10
新疆维吾尔自治区,西北诸河,博湖7,1874,6
新疆维吾尔自治区,西北诸河,博湖14,1875,1
新疆维吾尔自治区,西北诸河,塔提让,1876,9
新疆维吾尔自治区,西北诸河,龙口,1877,7
新疆维吾尔自治区,西北诸河,塔里木拦河闸,1878,4
新疆维吾尔自治区,西北诸河,阿热力,1879,6
新疆维吾尔自治区,西北诸河,十二医院,1880,5
新疆维吾尔自治区,西北诸河,依干其渡口,1881,3
新疆维吾尔自治区,西北诸河,喀河大桥,1882,3
新疆维吾尔自治区,西北诸河,特克斯河(昭苏解放大桥),1883,7
新疆维吾尔自治区,西北诸河,科布大桥,1884,10
新疆维吾尔自治区,西北诸河,龙口大桥,1885,4
新疆维吾尔自治区,西北诸河,羊场大桥,1886,9
新疆维吾尔自治区,西北诸河,喀什河大桥,1887,3
新疆维吾尔自治区,西北诸河,霍城63团伊犁河大桥,1888,2
新疆维吾尔自治区,西北诸河,英牙尔乡,1889,8
新疆维吾尔自治区,西北诸河,雅马渡大桥,1890,4
新疆维吾尔自治区,西北诸河,一道湾,1891,6
新疆维吾尔自治区,西北诸河,73公里引额济海入湖口,1892,4
新疆维吾尔自治区,西北诸河,塔克什肯,1893,4
新疆维吾尔自治区,西北诸河,布尔津河大桥,1894,9
新疆维吾尔自治区,西北诸河,顶山,1895,8
新疆维吾尔自治区,西北诸河,乌伦古湖码头,1896,3
新疆维吾尔自治区,西北诸河,富蕴大桥,1897,4
新疆维吾尔自治区,西北诸河,北屯大桥,1898,10
新疆维吾尔自治区,西北诸河,布尔津水文站,1899,10
新疆维吾尔自治区,西北诸河,额河南湾,1900,1
北京市,海河流域,<span data-toggle='tooltip' data-placement='right' title='所在地市:门头沟区&#10;所属河流:永定河'>沿河城</span>,1901,6
北京市,海河流域,<span data-toggle='tooltip' data-placement='right' title='所在地市:密云区&#10;所属河流:潮河'>古北口</span>,1902,3
天津市,海河流域,<span data-toggle='tooltip' data-placement='right' title='所在地市:河北区&#10;所属河流:海河'>三岔口</span>,1903,2
天津市,海河流域,<span data-toggle='tooltip' data-placement='right' title='所在地市:蓟州区&#10;所属河流:果河'>果河桥</span>,1904,8
河北省,海河流域,<span data-toggle='tooltip' data-placement='right' title='所在地市:石家庄市&#10;所属河流:滹沱河'>岗南水库</span>,1905,5
河北省,海河流域,<span data-toggle='tooltip' data-placement='right' title='所在地市:张家口市&#10;所属河流:永定河'>八号桥</span>,1906,3
山西省,黄河流域,<span data-toggle='tooltip' data-placement='right' title='所在地市:运城市&#10;所属河流:汾河'>河津大桥</span>,1907,10
山西省,黄河流域,<span data-toggle='tooltip' data-placement='right' title='所在地市:忻州市&#10;所属河流:黄河'>万家寨水库</span>,1908,2
内蒙古自治区,黄河流域,<span data-toggle='tooltip' data-placement='right' title='所在地市:包头市&#10;所属河流:黄河'>画匠营子</span>,1909,4
内蒙古自治区,黄河流域,<span data-toggle='tooltip' data-placement='right' title='所在地市:乌海市&#10;所属河流:黄河'>海勃湾</span>,1910,4
内蒙古自治区,松花江流域,<span data-toggle='tooltip' data-placement='right' title='所在地市:呼伦贝尔市&#10;所属河流:额尔古纳河'>黑山头</span>,1911,8
辽宁省,辽河流域,<span data-toggle='tooltip' data-placement='right' title='所在地市:抚顺市&#10;所属河流:浑河'>大伙房水库</span>,1912,4
辽宁省,辽河流域,<span data-toggle='tooltip' data-placement='right' title='所在地市:丹东市&#10;所属河流:鸭绿江'>江桥</span>,1913,8
辽宁省,辽河流域,<span data-toggle='tooltip' data-placement='right' title='所在地市:营口市&#10;所属河流:大辽河'>辽河公园</span>,1914,8
辽宁省,辽河流域,<span data-toggle='tooltip' data-placement='right' title='所在地市:辽阳市&#10;所属河流:太子河'>汤河水库</span>,1915,1
辽宁省,辽河流域,<span data-toggle='tooltip' data-placement='right' title='所在地市:盘锦市&#10;所属河流:辽河'>盘锦兴安(兴安)</span>,1916,10
辽宁省,辽河流域,<span data-toggle='tooltip' data-placement='right' title='所在地市:铁岭市&#10;所属河流:辽河'>珠尔山</span>,1917,4
吉林省,松花江流域,<span data-toggle='tooltip' data-placement='right' title='所在地市:长春市&#10;所属河流:松花江'>松花江村</span>,1918,1
吉林省,松花江流域,<span data-toggle='tooltip' data-placement='right' title='所在地市:白城市&#10;所属河流:嫩江'>白沙滩</span>,1919,8
吉林省,松花江流域,<span data-toggle='tooltip' data-placement='right' title='所在地市:延边朝鲜族自治州&#10;所属河流:图们江'>圈河</span>,1920,10
黑龙江省,松花江流域,<span data-toggle='tooltip' data-placement='right' title='所在地市:大庆市&#10;所属河流:松花江'>肇源</span>,1921,10
黑龙江省,松花江流域,<span data-toggle='tooltip' data-placement='right' title='所在地市:佳木斯市&#10;所属河流:乌苏里江'>乌苏镇</span>,1922,6
黑龙江省,松花江流域,<span data-toggle='tooltip' data-placement='right' title='所在地市:佳木斯市&#10;所属河流:松花江'>同江</span>,1923,4
黑龙江省,松花江流域,<span data-toggle='tooltip' data-placement='right' title='所在地市:黑河市&#10;所属河流:黑龙江'>黑河下(黑河)</span>,1924,9
上海市,长江流域,<span data-toggle='tooltip' data-placement='right' title='所在地市:青浦区&#10;所属河流:淀山湖'>急水港桥</span>,1925,6
江苏省,长江流域,<span data-toggle='tooltip' data-placement='right' title='所在地市:南京市&#10;所属河流:长江'>林山</span>,1926,3
江苏省,太湖流域,<span data-toggle='tooltip' data-placement='right' title='所在地市:无锡市&#10;所属河流:太湖'>沙渚</span>,1927,1
江苏省,淮河流域,<span data-toggle='tooltip' data-placement='right' title='所在地市:徐州市&#10;所属河流:武河'>小红圈</span>,1928,4
江苏省,淮河流域,<span data-toggle='tooltip' data-placement='right' title='所在地市:徐州市&#10;所属河流:沿河'>李集桥</span>,1929,5
江苏省,淮河流域,<span data-toggle='tooltip' data-placement='right' title='所在地市:徐州市&#10;所属河流:邳苍分洪道'>艾山西大桥</span>,1930,7
江苏省,太湖流域,<span data-toggle='tooltip' data-placement='right' title='所在地市:苏州市&#10;所属河流:太湖'>兰山嘴(老)</span>,1931,10
江苏省,太湖流域,<span data-toggle='tooltip' data-placement='right' title='所在地市:苏州市&#10;所属河流:太湖'>西山</span>,1932,8
江苏省,淮河流域,<span data-toggle='tooltip' data-placement='right' title='所在地市:连云港市&#10;所属河流:新沭河'>大兴桥</span>,1933,2
江苏省,淮河流域,<span data-toggle='tooltip' data-placement='right' title='所在地市:淮安市&#10;所属河流:淮河'>淮河大桥</span>,1934,8
江苏省,长江流域,<span data-toggle='tooltip' data-placement='right' title='所在地市:扬州市&#10;所属河流:夹江'>三江营</span>,1935,7
江苏省,淮河流域,<span data-toggle='tooltip' data-placement='right' title='所在地市:宿迁市&#10;所属河流:新濉河'>大屈</span>,1936,2
浙江省,浙闽片河流,<span data-toggle='tooltip' data-placement='right' title='所在地市:杭州市&#10;所属河流:新安江'>街口(鸠坑口)</span>,1937,2
浙江省,太湖流域,<span data-toggle='tooltip' data-placement='right' title='所在地市:嘉兴市&#10;所属河流:斜路港河'>斜路港</span>,1938,3
浙江省,太湖流域,<span data-toggle='tooltip' data-placement='right' title='所在地市:嘉兴市&#10;所属河流:京杭运河'>王江泾</span>,1939,1
浙江省,太湖流域,<span data-toggle='tooltip' data-placement='right' title='所在地市:湖州市&#10;所属河流:西苕溪'>新港口(新塘港)</span>,1940,3
安徽省,巢湖流域,<span data-toggle='tooltip' data-placement='right' title='所在地市:合肥市&#10;所属河流:巢湖'>湖滨(老)</span>,1941,2
安徽省,巢湖流域,<span data-toggle='tooltip' data-placement='right' title='所在地市:芜湖市&#10;所属河流:巢湖'>裕溪口(老)</span>,1942,8
安徽省,淮河流域,<span data-toggle='tooltip' data-placement='right' title='所在地市:蚌埠市&#10;所属河流:淮河'>蚌埠闸上(蚌埠闸)</span>,1943,3
安徽省,淮河流域,<span data-toggle='tooltip' data-placement='right' title='所在地市:淮南市&#10;所属河流:淮河'>石头埠(老)</span>,1944,7
安徽省,淮河流域,<span data-toggle='tooltip' data-placement='right' title='所在地市:淮北市&#10;所属河流:沱河'>小王桥</span>,1945,9
安徽省,长江流域,<span data-toggle='tooltip' data-placement='right' title='所在地市:安庆市&#10;所属河流:长江'>皖河口</span>,1946,4
安徽省,淮河流域,<span data-toggle='tooltip' data-placement='right' title='所在地市:滁州市&#10;所属河流:淮河'>小柳巷</span>,1947,10
安徽省,淮河流域,<span data-toggle='tooltip' data-placement='right' title='所在地市:阜阳市&#10;所属河流:黑茨河'>张大桥</span>,1948,7
安徽省,淮河流域,<span data-toggle='tooltip' data-placement='right' title='所在地市:阜阳市&#10;所属河流:淮河'>王家坝</span>,1949,7
安徽省,淮河流域,<span data-toggle='tooltip' data-placement='right' title='所在地市:阜阳市&#10;所属河流:颍河'>界首七渡口(七渡口)</span>,1950,2
安徽省,淮河流域,<span data-toggle='tooltip' data-placement='right' title='所在地市:阜阳市&#10;所属河流:泉河'>许庄(徐庄)</span>,1951,3
安徽省,淮河流域,<span data-toggle='tooltip' data-placement='right' title='所在地市:宿州市&#10;所属河流:奎河'>杨庄</span>,1952,4
安徽省,淮河流域,<span data-toggle='tooltip' data-placement='right' title='所在地市:宿州市&#10;所属河流:新汴河'>泗县公路桥</span>,1953,1
安徽省,淮河流域,<span data-toggle='tooltip' data-placement='right' title='所在地市:亳州市&#10;所属河流:包河'>颜集</span>,1954,1
福建省,浙闽片河流,<span data-toggle='tooltip' data-placement='right' title='所在地市:福州市&#10;所属河流:闽江'>白岩潭</span>,1955,1
江西省,长江流域,<span data-toggle='tooltip' data-placement='right' title='所在地市:南昌市&#10;所属河流:赣江南支'>滁槎</span>,1956,3
江西省,长江流域,<span data-toggle='tooltip' data-placement='right' title='所在地市:九江市&#10;所属河流:长江'>姚港(河西水厂)</span>,1957,5
江西省,长江流域,<span data-toggle='tooltip' data-placement='right' title='所在地市:九江市&#10;所属河流:鄱阳湖'>蛤蟆石</span>,1958,6
山东省,黄河流域,<span data-toggle='tooltip' data-placement='right' title='所在地市:济南市&#10;所属河流:黄河'>泺口</span>,1959,5
山东省,淮河流域,<span data-toggle='tooltip' data-placement='right' title='所在地市:枣庄市&#10;所属河流:京杭大运河（韩庄运河）'>台儿庄大桥</span>,1960,10
山东省,淮河流域,<span data-toggle='tooltip' data-placement='right' title='所在地市:临沂市&#10;所属河流:沭河'>清泉寺</span>,1961,9
山东省,淮河流域,<span data-toggle='tooltip' data-placement='right' title='所在地市:临沂市&#10;所属河流:沂河'>重坊桥</span>,1962,3
山东省,淮河流域,<span data-toggle='tooltip' data-placement='right' title='所在地市:临沂市&#10;所属河流:白马河'>捷庄(涝沟桥)</span>,1963,7
山东省,海河流域,<span data-toggle='tooltip' data-placement='right' title='所在地市:聊城市&#10;所属河流:卫运河'>秤勾湾(秤钩湾)</span>,1964,3
河南省,长江流域,<span data-toggle='tooltip' data-placement='right' title='所在地市:南阳市&#10;所属河流:丹江口水库'>陶岔</span>,1965,1
河南省,淮河流域,<span data-toggle='tooltip' data-placement='right' title='所在地市:商丘市&#10;所属河流:浍河'>黄口</span>,1966,2
河南省,淮河流域,<span data-toggle='tooltip' data-placement='right' title='所在地市:信阳市&#10;所属河流:史灌河'>蒋集</span>,1967,2
河南省,淮河流域,<span data-toggle='tooltip' data-placement='right' title='所在地市:信阳市&#10;所属河流:淮河'>淮滨水文站(淮滨)</span>,1968,9
河南省,淮河流域,<span data-toggle='tooltip' data-placement='right' title='所在地市:周口市&#10;所属河流:沙河'>沈丘闸</span>,1969,7
河南省,淮河流域,<span data-toggle='tooltip' data-placement='right' title='所在地市:周口市&#10;所属河流:涡河'>鹿邑付桥(鹿邑付桥闸)</span>,1970,3
河南省,淮河流域,<span data-toggle='tooltip' data-placement='right' title='所在地市:驻马店市&#10;所属河流:洪河'>新蔡班台(班台)</span>,1971,1
河南省,黄河流域,<span data-toggle='tooltip' data-placement='right' title='所在地市:济源市&#10;所属河流:黄河'>小浪底水库(小浪底)</span>,1972,3
湖北省,长江流域,<span data-toggle='tooltip' data-placement='right' title='所在地市:武汉市&#10;所属河流:汉江'>宗关</span>,1973,4
湖北省,长江流域,<span data-toggle='tooltip' data-placement='right' title='所在地市:十堰市&#10;所属河流:丹江口水库'>坝上中(胡家岭)</span>,1974,3
湖北省,长江流域,<span data-toggle='tooltip' data-placement='right' title='所在地市:宜昌市&#10;所属河流:长江'>南津关</span>,1975,4
湖南省,长江流域,<span data-toggle='tooltip' data-placement='right' title='所在地市:长沙市&#10;所属河流:湘江'>新港</span>,1976,10
湖南省,长江流域,<span data-toggle='tooltip' data-placement='right' title='所在地市:岳阳市&#10;所属河流:洞庭湖'>岳阳楼</span>,1977,3
湖南省,长江流域,<span data-toggle='tooltip' data-placement='right' title='所在地市:岳阳市&#10;所属河流:长江'>城陵矶</span>,1978,8
广东省,珠江流域,<span data-toggle='tooltip' data-placement='right' title='所在地市:清远市&#10;所属河流:北江'>七星岗</span>,1979,9
广东省,珠江流域,<span data-toggle='tooltip' data-placement='right' title='所在地市:中山市&#10;所属河流:西江'>横栏</span>,1980,9
广西壮族自治区,珠江流域,<span data-toggle='tooltip' data-placement='right' title='所在地市:南宁市&#10;所属河流:邕江'>老口</span>,1981,6
广西壮族自治区,珠江流域,<span data-toggle='tooltip' data-placement='right' title='所在地市:桂林市&#10;所属河流:漓江'>阳朔</span>,1982,10
广西壮族自治区,珠江流域,<span data-toggle='tooltip' data-placement='right' title='所在地市:梧州市&#10;所属河流:浔江'>界首</span>,1983,1
广西壮族自治区,珠江流域,<span data-toggle='tooltip' data-placement='right' title='所在地市:贵港市&#10;所属河流:浔江'>石嘴</span>,1984,3
广西壮族自治区,珠江流域,<span data-toggle='tooltip' data-placement='right' title='所在地市:崇左市&#10;所属河流:平而河'>平而关</span>,1985,5
重庆市,长江流域,<span data-toggle='tooltip' data-placement='right' title='所在地市:永川区&#10;所属河流:长江'>朱沱</span>,1986,4
四川省,长江流域,<span data-toggle='tooltip' data-placement='right' title='所在地市:攀枝花市&#10;所属河流:金沙江'>龙洞</span>,1987,5
四川省,长江流域,<span data-toggle='tooltip' data-placement='right' title='所在地市:泸州市&#10;所属河流:沱江'>沱江大桥(沱江二桥)</span>,1988,8
四川省,长江流域,<span data-toggle='tooltip' data-placement='right' title='所在地市:广元市&#10;所属河流:嘉陵江'>清风峡</span>,1989,6
四川省,长江流域,<span data-toggle='tooltip' data-placement='right' title='所在地市:乐山市&#10;所属河流:岷江'>岷江大桥</span>,1990,8
四川省,长江流域,<span data-toggle='tooltip' data-placement='right' title='所在地市:宜宾市&#10;所属河流:岷江'>凉姜沟</span>,1991,7
云南省,滇池流域,<span data-toggle='tooltip' data-placement='right' title='所在地市:昆明市&#10;所属河流:滇池'>西苑隧道</span>,1992,3
云南省,滇池流域,<span data-toggle='tooltip' data-placement='right' title='所在地市:昆明市&#10;所属河流:滇池'>观音山</span>,1993,6
云南省,西南诸河,<span data-toggle='tooltip' data-placement='right' title='所在地市:红河哈尼族彝族自治州&#10;所属河流:红河'>河口县医院(河口)</span>,1994,5
云南省,西南诸河,<span data-toggle='tooltip' data-placement='right' title='所在地市:西双版纳傣族自治州&#10;所属河流:澜沧江'>橄榄坝</span>,1995,8
陕西省,黄河流域,<span data-toggle='tooltip' data-placement='right' title='所在地市:渭南市&#10;所属河流:渭河'>潼关吊桥</span>,1996,8
甘肃省,黄河流域,<span data-toggle='tooltip' data-placement='right' title='所在地市:兰州市&#10;所属河流:黄河'>新城桥</span>,1997,8
宁夏回族自治区,黄河流域,<span data-toggle='tooltip' data-placement='right' title='所在地市:中卫市&#10;所属河流:黄河'>中卫下河沿(新墩)</span>,1998,5
北京市,淮河流域,<span data-toggle='tooltip' data-placement='right' title='所在地市:房山区&#10;所属河流:小清河'>八间房漫水桥</span>,1999,2
河南省,淮河流域,<span data-toggle='tooltip' data-placement='right' title='所在地市:信阳市&#10;所属河流:淮河'>息县大埠口</span>,2000,10
